ano,sigla_uf,id_municipio,populacao
2021,SP,3500105,35153
2021,SP,3500204,3545
2021,SP,3500303,36981
2021,SP,3500402,8262
2021,SP,3500501,18908
2021,SP,3500550,6142
2021,SP,3500600,3588
2021,SP,3500709,37582
2021,SP,3500758,6231
2021,SP,3500808,4201
2021,SP,3500907,4211
2021,SP,3501004,16221
2021,SP,3501103,4078
2021,SP,3501152,18903
2021,SP,3501202,3616
2021,SP,3501301,25078
2021,SP,3501400,5320
2021,SP,3501509,3251
2021,SP,3501608,244370
2021,SP,3501707,41545
2021,SP,3501806,5993
2021,SP,3501905,73145
2021,SP,3502002,5115
2021,SP,3502101,57245
2021,SP,3502200,25724
2021,SP,3502309,6911
2021,SP,3502408,4172
2021,SP,3502507,36211
2021,SP,3502606,4122
2021,SP,3502705,24081
2021,SP,3502754,23343
2021,SP,3502804,199210
2021,SP,3502903,35389
2021,SP,3503000,5689
2021,SP,3503109,6373
2021,SP,3503158,2452
2021,SP,3503208,240542
2021,SP,3503307,136739
2021,SP,3503356,1755
2021,SP,3503406,8665
2021,SP,3503505,3906
2021,SP,3503604,11186
2021,SP,3503703,9851
2021,SP,3503802,56247
2021,SP,3503901,92453
2021,SP,3503950,1815
2021,SP,3504008,105768
2021,SP,3504107,145378
2021,SP,3504206,15316
2021,SP,3504305,5467
2021,SP,3504404,14063
2021,SP,3504503,91792
2021,SP,3504602,18013
2021,SP,3504701,6127
2021,SP,3504800,9209
2021,SP,3504909,11039
2021,SP,3505005,3525
2021,SP,3505104,7532
2021,SP,3505203,35844
2021,SP,3505302,36125
2021,SP,3505351,5794
2021,SP,3505401,7606
2021,SP,3505500,123546
2021,SP,3505609,33537
2021,SP,3505708,279704
2021,SP,3505807,20952
2021,SP,3505906,63438
2021,SP,3506003,381706
2021,SP,3506102,77612
2021,SP,3506201,3028
2021,SP,3506300,11168
2021,SP,3506359,66154
2021,SP,3506409,8197
2021,SP,3506508,126094
2021,SP,3506607,33265
2021,SP,3506706,15111
2021,SP,3506805,12571
2021,SP,3506904,12107
2021,SP,3507001,63310
2021,SP,3507100,26506
2021,SP,3507159,4013
2021,SP,3507209,839
2021,SP,3507308,4913
2021,SP,3507407,16278
2021,SP,3507456,2713
2021,SP,3507506,149718
2021,SP,3507605,172346
2021,SP,3507704,5795
2021,SP,3507753,2911
2021,SP,3507803,25605
2021,SP,3507902,24862
2021,SP,3508009,20050
2021,SP,3508108,17414
2021,SP,3508207,4547
2021,SP,3508306,4222
2021,SP,3508405,51130
2021,SP,3508504,95752
2021,SP,3508603,33827
2021,SP,3508702,19031
2021,SP,3508801,17917
2021,SP,3508900,4195
2021,SP,3509007,104044
2021,SP,3509106,6017
2021,SP,3509205,79034
2021,SP,3509254,28441
2021,SP,3509304,10649
2021,SP,3509403,26613
2021,SP,3509452,6088
2021,SP,3509502,1223237
2021,SP,3509601,86407
2021,SP,3509700,52713
2021,SP,3509809,5028
2021,SP,3509908,12542
2021,SP,3509957,5268
2021,SP,3510005,31410
2021,SP,3510104,2805
2021,SP,3510153,5365
2021,SP,3510203,47098
2021,SP,3510302,21257
2021,SP,3510401,56973
2021,SP,3510500,125194
2021,SP,3510609,405375
2021,SP,3510708,12371
2021,SP,3510807,30655
2021,SP,3510906,2488
2021,SP,3511003,21521
2021,SP,3511102,123114
2021,SP,3511201,7905
2021,SP,3511300,9452
2021,SP,3511409,20391
2021,SP,3511508,50631
2021,SP,3511607,18595
2021,SP,3511706,17539
2021,SP,3511904,8894
2021,SP,3512001,18601
2021,SP,3512100,6223
2021,SP,3512209,28491
2021,SP,3512308,18138
2021,SP,3512407,25116
2021,SP,3512506,6197
2021,SP,3512605,4591
2021,SP,3512704,4072
2021,SP,3512803,74662
2021,SP,3512902,7289
2021,SP,3513009,257882
2021,SP,3513108,35858
2021,SP,3513207,8803
2021,SP,3513306,2021
2021,SP,3513405,82895
2021,SP,3513504,132521
2021,SP,3513603,21373
2021,SP,3513702,34097
2021,SP,3513801,429550
2021,SP,3513850,1805
2021,SP,3513900,11027
2021,SP,3514007,9088
2021,SP,3514106,27704
2021,SP,3514205,2108
2021,SP,3514304,8883
2021,SP,3514403,47287
2021,SP,3514502,12421
2021,SP,3514601,10174
2021,SP,3514700,6026
2021,SP,3514809,15592
2021,SP,3514908,18095
2021,SP,3514924,3742
2021,SP,3514957,2446
2021,SP,3515004,279264
2021,SP,3515103,70402
2021,SP,3515129,3238
2021,SP,3515152,21712
2021,SP,3515186,44607
2021,SP,3515194,4926
2021,SP,3515202,8420
2021,SP,3515301,2774
2021,SP,3515350,9280
2021,SP,3515400,16102
2021,SP,3515509,69680
2021,SP,3515608,5805
2021,SP,3515657,1739
2021,SP,3515707,198661
2021,SP,3515806,1397
2021,SP,3515905,2884
2021,SP,3516002,14936
2021,SP,3516101,2631
2021,SP,3516200,358539
2021,SP,3516309,179372
2021,SP,3516408,158438
2021,SP,3516507,2776
2021,SP,3516606,6419
2021,SP,3516705,44429
2021,SP,3516804,4911
2021,SP,3516853,4841
2021,SP,3516903,10855
2021,SP,3517000,11485
2021,SP,3517109,4842
2021,SP,3517208,12416
2021,SP,3517307,5806
2021,SP,3517406,41283
2021,SP,3517505,22087
2021,SP,3517604,16896
2021,SP,3517703,21394
2021,SP,3517802,8258
2021,SP,3517901,11382
2021,SP,3518008,1996
2021,SP,3518107,6685
2021,SP,3518206,33257
2021,SP,3518305,30465
2021,SP,3518404,123192
2021,SP,3518503,19244
2021,SP,3518602,40857
2021,SP,3518701,324977
2021,SP,3518800,1404694
2021,SP,3518859,7760
2021,SP,3518909,5346
2021,SP,3519006,9649
2021,SP,3519055,15605
2021,SP,3519071,237570
2021,SP,3519105,12002
2021,SP,3519204,6269
2021,SP,3519253,9786
2021,SP,3519303,35830
2021,SP,3519402,12639
2021,SP,3519501,7926
2021,SP,3519600,61150
2021,SP,3519709,80062
2021,SP,3519808,8363
2021,SP,3519907,8228
2021,SP,3520004,24821
2021,SP,3520103,30791
2021,SP,3520202,9631
2021,SP,3520301,31117
2021,SP,3520400,36194
2021,SP,3520426,11552
2021,SP,3520442,26886
2021,SP,3520509,260690
2021,SP,3520608,4873
2021,SP,3520707,3876
2021,SP,3520806,4045
2021,SP,3520905,15165
2021,SP,3521002,38771
2021,SP,3521101,7824
2021,SP,3521150,5557
2021,SP,3521200,4180
2021,SP,3521309,16794
2021,SP,3521408,24982
2021,SP,3521507,8101
2021,SP,3521606,8356
2021,SP,3521705,17405
2021,SP,3521804,27632
2021,SP,3521903,15331
2021,SP,3522000,3937
2021,SP,3522109,104351
2021,SP,3522158,3332
2021,SP,3522208,179574
2021,SP,3522307,167106
2021,SP,3522406,95241
2021,SP,3522505,244131
2021,SP,3522604,75683
2021,SP,3522653,4294
2021,SP,3522703,43536
2021,SP,3522802,15197
2021,SP,3522901,14297
2021,SP,3523008,4994
2021,SP,3523107,379082
2021,SP,3523206,50778
2021,SP,3523305,17754
2021,SP,3523404,124254
2021,SP,3523503,21139
2021,SP,3523602,18610
2021,SP,3523701,6587
2021,SP,3523800,7862
2021,SP,3523909,177150
2021,SP,3524006,64330
2021,SP,3524105,42259
2021,SP,3524204,6963
2021,SP,3524303,78029
2021,SP,3524402,237119
2021,SP,3524501,7322
2021,SP,3524600,17911
2021,SP,3524709,59921
2021,SP,3524808,49291
2021,SP,3524907,6828
2021,SP,3525003,127734
2021,SP,3525102,45544
2021,SP,3525201,31173
2021,SP,3525300,153463
2021,SP,3525409,3143
2021,SP,3525508,13453
2021,SP,3525607,4577
2021,SP,3525706,37707
2021,SP,3525805,4824
2021,SP,3525854,3467
2021,SP,3525904,426935
2021,SP,3526001,20978
2021,SP,3526100,18627
2021,SP,3526209,31844
2021,SP,3526308,4882
2021,SP,3526407,29047
2021,SP,3526506,12581
2021,SP,3526605,7361
2021,SP,3526704,105273
2021,SP,3526803,69533
2021,SP,3526902,310783
2021,SP,3527009,8201
2021,SP,3527108,78978
2021,SP,3527207,89532
2021,SP,3527256,2311
2021,SP,3527306,51007
2021,SP,3527405,22022
2021,SP,3527504,2412
2021,SP,3527603,15628
2021,SP,3527702,5918
2021,SP,3527801,4608
2021,SP,3527900,2623
2021,SP,3528007,17263
2021,SP,3528106,8174
2021,SP,3528205,3686
2021,SP,3528304,3086
2021,SP,3528403,47723
2021,SP,3528502,103645
2021,SP,3528601,9972
2021,SP,3528700,6039
2021,SP,3528809,14069
2021,SP,3528858,3097
2021,SP,3528908,4098
2021,SP,3529005,242249
2021,SP,3529104,2101
2021,SP,3529203,26791
2021,SP,3529302,84069
2021,SP,3529401,481725
2021,SP,3529500,5638
2021,SP,3529609,3813
2021,SP,3529658,1903
2021,SP,3529708,22480
2021,SP,3529807,13023
2021,SP,3529906,19511
2021,SP,3530003,3125
2021,SP,3530102,29844
2021,SP,3530201,18415
2021,SP,3530300,60768
2021,SP,3530409,4966
2021,SP,3530508,69072
2021,SP,3530607,455587
2021,SP,3530706,154146
2021,SP,3530805,94098
2021,SP,3530904,3523
2021,SP,3531001,2274
2021,SP,3531100,58567
2021,SP,3531209,8181
2021,SP,3531308,51039
2021,SP,3531407,25651
2021,SP,3531506,18928
2021,SP,3531605,4166
2021,SP,3531704,4739
2021,SP,3531803,61707
2021,SP,3531902,33598
2021,SP,3532009,13936
2021,SP,3532058,4831
2021,SP,3532108,4525
2021,SP,3532157,3215
2021,SP,3532207,4950
2021,SP,3532306,6624
2021,SP,3532405,18866
2021,SP,3532504,8917
2021,SP,3532603,11575
2021,SP,3532702,5381
2021,SP,3532801,7161
2021,SP,3532827,9962
2021,SP,3532843,1824
2021,SP,3532868,1290
2021,SP,3532900,11519
2021,SP,3533007,21871
2021,SP,3533106,2333
2021,SP,3533205,4135
2021,SP,3533254,6057
2021,SP,3533304,4217
2021,SP,3533403,61716
2021,SP,3533502,41765
2021,SP,3533601,7522
2021,SP,3533700,4294
2021,SP,3533809,2447
2021,SP,3533908,55477
2021,SP,3534005,4462
2021,SP,3534104,6569
2021,SP,3534203,7318
2021,SP,3534302,44682
2021,SP,3534401,701428
2021,SP,3534500,2603
2021,SP,3534609,33118
2021,SP,3534708,115139
2021,SP,3534757,10712
2021,SP,3534807,8676
2021,SP,3534906,14326
2021,SP,3535002,13285
2021,SP,3535101,13691
2021,SP,3535200,9173
2021,SP,3535309,22322
2021,SP,3535408,15944
2021,SP,3535507,46180
2021,SP,3535606,18302
2021,SP,3535705,6536
2021,SP,3535804,20588
2021,SP,3535903,4112
2021,SP,3536000,10934
2021,SP,3536109,6579
2021,SP,3536208,19797
2021,SP,3536257,2177
2021,SP,3536307,14941
2021,SP,3536406,7540
2021,SP,3536505,114508
2021,SP,3536570,1835
2021,SP,3536604,8973
2021,SP,3536703,47523
2021,SP,3536802,6127
2021,SP,3536901,2468
2021,SP,3537008,16876
2021,SP,3537107,48992
2021,SP,3537156,3109
2021,SP,3537206,11507
2021,SP,3537305,64098
2021,SP,3537404,25685
2021,SP,3537503,8875
2021,SP,3537602,69697
2021,SP,3537701,6093
2021,SP,3537800,55731
2021,SP,3537909,29612
2021,SP,3538006,171885
2021,SP,3538105,17378
2021,SP,3538204,15564
2021,SP,3538303,3706
2021,SP,3538501,13495
2021,SP,3538600,27617
2021,SP,3538709,410275
2021,SP,3538808,29930
2021,SP,3538907,25939
2021,SP,3539004,11524
2021,SP,3539103,19453
2021,SP,3539202,27974
2021,SP,3539301,77330
2021,SP,3539400,13890
2021,SP,3539509,40430
2021,SP,3539608,5370
2021,SP,3539707,3606
2021,SP,3539806,119221
2021,SP,3539905,6166
2021,SP,3540002,22326
2021,SP,3540101,3385
2021,SP,3540200,51717
2021,SP,3540259,4719
2021,SP,3540309,2576
2021,SP,3540408,4136
2021,SP,3540507,10205
2021,SP,3540606,53698
2021,SP,3540705,56848
2021,SP,3540754,25603
2021,SP,3540804,17668
2021,SP,3540853,4327
2021,SP,3540903,22239
2021,SP,3541000,336454
2021,SP,3541059,5371
2021,SP,3541109,4067
2021,SP,3541208,12943
2021,SP,3541307,44572
2021,SP,3541406,231953
2021,SP,3541505,39648
2021,SP,3541604,41211
2021,SP,3541653,3902
2021,SP,3541703,14309
2021,SP,3541802,3513
2021,SP,3541901,13788
2021,SP,3542008,6736
2021,SP,3542107,9126
2021,SP,3542206,29743
2021,SP,3542305,3827
2021,SP,3542404,20523
2021,SP,3542503,10047
2021,SP,3542602,56463
2021,SP,3542701,7762
2021,SP,3542800,3320
2021,SP,3542909,13376
2021,SP,3543006,15984
2021,SP,3543105,4786
2021,SP,3543204,4537
2021,SP,3543238,2222
2021,SP,3543253,7686
2021,SP,3543303,125238
2021,SP,3543402,720116
2021,SP,3543501,5364
2021,SP,3543600,3651
2021,SP,3543709,10824
2021,SP,3543808,9940
2021,SP,3543907,209548
2021,SP,3544004,36233
2021,SP,3544103,52009
2021,SP,3544202,12856
2021,SP,3544251,15929
2021,SP,3544301,10888
2021,SP,3544400,3195
2021,SP,3544509,3191
2021,SP,3544608,5638
2021,SP,3544707,2427
2021,SP,3544806,6481
2021,SP,3544905,12103
2021,SP,3545001,17363
2021,SP,3545100,5372
2021,SP,3545159,8498
2021,SP,3545209,120779
2021,SP,3545308,46285
2021,SP,3545407,9396
2021,SP,3545506,4405
2021,SP,3545605,15639
2021,SP,3545704,6036
2021,SP,3545803,195278
2021,SP,3546009,14925
2021,SP,3546108,2111
2021,SP,3546207,4584
2021,SP,3546256,2166
2021,SP,3546306,35102
2021,SP,3546405,48207
2021,SP,3546504,5577
2021,SP,3546603,32796
2021,SP,3546702,27850
2021,SP,3546801,58529
2021,SP,3546900,8889
2021,SP,3547007,6298
2021,SP,3547106,2947
2021,SP,3547205,1448
2021,SP,3547304,145073
2021,SP,3547403,2476
2021,SP,3547502,27641
2021,SP,3547601,26960
2021,SP,3547650,1558
2021,SP,3547700,20855
2021,SP,3547809,723889
2021,SP,3547908,7024
2021,SP,3548005,23742
2021,SP,3548054,8541
2021,SP,3548104,5926
2021,SP,3548203,6843
2021,SP,3548302,3159
2021,SP,3548401,4856
2021,SP,3548500,433991
2021,SP,3548609,10907
2021,SP,3548708,849874
2021,SP,3548807,162763
2021,SP,3548906,256915
2021,SP,3549003,2813
2021,SP,3549102,92315
2021,SP,3549201,2555
2021,SP,3549250,1942
2021,SP,3549300,2095
2021,SP,3549409,52737
2021,SP,3549508,8991
2021,SP,3549607,4141
2021,SP,3549706,55298
2021,SP,3549805,469173
2021,SP,3549904,737310
2021,SP,3549953,16127
2021,SP,3550001,10693
2021,SP,3550100,41287
2021,SP,3550209,33071
2021,SP,3550308,12396372
2021,SP,3550407,36298
2021,SP,3550506,7724
2021,SP,3550605,93076
2021,SP,3550704,91637
2021,SP,3550803,12137
2021,SP,3550902,15446
2021,SP,3551009,370839
2021,SP,3551108,10493
2021,SP,3551207,3623
2021,SP,3551306,3595
2021,SP,3551405,15292
2021,SP,3551504,46166
2021,SP,3551603,29669
2021,SP,3551702,128432
2021,SP,3551801,12731
2021,SP,3551900,17820
2021,SP,3552007,6375
2021,SP,3552106,41690
2021,SP,3552205,695328
2021,SP,3552304,7738
2021,SP,3552403,289875
2021,SP,3552502,303397
2021,SP,3552551,4063
2021,SP,3552601,12561
2021,SP,3552700,16787
2021,SP,3552809,297528
2021,SP,3552908,6371
2021,SP,3553005,14415
2021,SP,3553104,6346
2021,SP,3553203,5562
2021,SP,3553302,23255
2021,SP,3553401,26231
2021,SP,3553500,7725
2021,SP,3553609,12940
2021,SP,3553658,2815
2021,SP,3553708,57547
2021,SP,3553807,23292
2021,SP,3553856,5968
2021,SP,3553906,7609
2021,SP,3553955,15361
2021,SP,3554003,124134
2021,SP,3554102,320820
2021,SP,3554201,4452
2021,SP,3554300,23395
2021,SP,3554409,9502
2021,SP,3554508,42946
2021,SP,3554607,2647
2021,SP,3554656,2432
2021,SP,3554706,10100
2021,SP,3554755,1752
2021,SP,3554805,48228
2021,SP,3554904,5856
2021,SP,3554953,7058
2021,SP,3555000,65615
2021,SP,3555109,15670
2021,SP,3555208,2024
2021,SP,3555307,1667
2021,SP,3555356,6488
2021,SP,3555406,92819
2021,SP,3555505,4828
2021,SP,3555604,10191
2021,SP,3555703,1886
2021,SP,3555802,9125
2021,SP,3555901,1142
2021,SP,3556008,13965
2021,SP,3556107,13732
2021,SP,3556206,133169
2021,SP,3556305,27154
2021,SP,3556354,10842
2021,SP,3556404,43368
2021,SP,3556453,54315
2021,SP,3556503,124269
2021,SP,3556602,10804
2021,SP,3556701,81516
2021,SP,3556800,19133
2021,SP,3556909,9163
2021,SP,3556958,1852
2021,SP,3557006,124468
2021,SP,3557105,96106
2021,SP,3557154,2784
2021,SP,3557204,12418
2021,SP,3557303,11507
2022,SP,3500105,34687
2022,SP,3500204,4351
2022,SP,3500303,32072
2022,SP,3500402,7369
2022,SP,3500501,17930
2022,SP,3500550,7177
2022,SP,3500600,2780
2022,SP,3500709,37680
2022,SP,3500758,6141
2022,SP,3500808,4445
2022,SP,3500907,3451
2022,SP,3501004,16818
2022,SP,3501103,3841
2022,SP,3501152,17301
2022,SP,3501202,3915
2022,SP,3501301,27255
2022,SP,3501400,4808
2022,SP,3501509,2885
2022,SP,3501608,237240
2022,SP,3501707,33019
2022,SP,3501806,5870
2022,SP,3501905,68008
2022,SP,3502002,4589
2022,SP,3502101,59783
2022,SP,3502200,24022
2022,SP,3502309,5674
2022,SP,3502408,4023
2022,SP,3502507,32569
2022,SP,3502606,4086
2022,SP,3502705,24585
2022,SP,3502754,21522
2022,SP,3502804,200124
2022,SP,3502903,32443
2022,SP,3503000,5420
2022,SP,3503109,6885
2022,SP,3503158,2330
2022,SP,3503208,242228
2022,SP,3503307,130866
2022,SP,3503356,2044
2022,SP,3503406,8130
2022,SP,3503505,3577
2022,SP,3503604,10130
2022,SP,3503703,7602
2022,SP,3503802,51456
2022,SP,3503901,86678
2022,SP,3503950,1842
2022,SP,3504008,101409
2022,SP,3504107,158647
2022,SP,3504206,13692
2022,SP,3504305,4483
2022,SP,3504404,11263
2022,SP,3504503,92805
2022,SP,3504602,27260
2022,SP,3504701,3887
2022,SP,3504800,9596
2022,SP,3504909,9969
2022,SP,3505005,3531
2022,SP,3505104,5640
2022,SP,3505203,31595
2022,SP,3505302,34346
2022,SP,3505351,5179
2022,SP,3505401,6876
2022,SP,3505500,122485
2022,SP,3505609,32092
2022,SP,3505708,316473
2022,SP,3505807,21503
2022,SP,3505906,58402
2022,SP,3506003,379146
2022,SP,3506102,76373
2022,SP,3506201,2606
2022,SP,3506300,11607
2022,SP,3506359,64188
2022,SP,3506409,7319
2022,SP,3506508,118979
2022,SP,3506607,29683
2022,SP,3506706,12978
2022,SP,3506805,11259
2022,SP,3506904,10460
2022,SP,3507001,61081
2022,SP,3507100,22006
2022,SP,3507159,3555
2022,SP,3507209,907
2022,SP,3507308,4715
2022,SP,3507407,14226
2022,SP,3507456,2713
2022,SP,3507506,145155
2022,SP,3507605,176811
2022,SP,3507704,5356
2022,SP,3507753,2565
2022,SP,3507803,25201
2022,SP,3507902,23898
2022,SP,3508009,20250
2022,SP,3508108,17210
2022,SP,3508207,4356
2022,SP,3508306,4299
2022,SP,3508405,47011
2022,SP,3508504,96202
2022,SP,3508603,31564
2022,SP,3508702,17101
2022,SP,3508801,16654
2022,SP,3508900,3712
2022,SP,3509007,95032
2022,SP,3509106,5466
2022,SP,3509205,92689
2022,SP,3509254,28515
2022,SP,3509304,9133
2022,SP,3509403,23830
2022,SP,3509452,5954
2022,SP,3509502,1139047
2022,SP,3509601,77632
2022,SP,3509700,46974
2022,SP,3509809,4888
2022,SP,3509908,12289
2022,SP,3509957,4931
2022,SP,3510005,29449
2022,SP,3510104,2889
2022,SP,3510153,6283
2022,SP,3510203,46337
2022,SP,3510302,22866
2022,SP,3510401,50068
2022,SP,3510500,134873
2022,SP,3510609,386984
2022,SP,3510708,11345
2022,SP,3510807,28083
2022,SP,3510906,2799
2022,SP,3511003,19977
2022,SP,3511102,115791
2022,SP,3511201,7003
2022,SP,3511300,12618
2022,SP,3511409,21469
2022,SP,3511508,44695
2022,SP,3511607,19048
2022,SP,3511706,15535
2022,SP,3511904,6982
2022,SP,3512001,18486
2022,SP,3512100,6629
2022,SP,3512209,28101
2022,SP,3512308,15232
2022,SP,3512407,24514
2022,SP,3512506,5400
2022,SP,3512605,4280
2022,SP,3512704,4195
2022,SP,3512803,59773
2022,SP,3512902,8719
2022,SP,3513009,274413
2022,SP,3513108,33281
2022,SP,3513207,9272
2022,SP,3513306,2108
2022,SP,3513405,74961
2022,SP,3513504,112476
2022,SP,3513603,22110
2022,SP,3513702,31756
2022,SP,3513801,393237
2022,SP,3513850,1620
2022,SP,3513900,11158
2022,SP,3514007,8759
2022,SP,3514106,24510
2022,SP,3514205,2207
2022,SP,3514304,8096
2022,SP,3514403,45474
2022,SP,3514502,12328
2022,SP,3514601,9471
2022,SP,3514700,6205
2022,SP,3514809,13069
2022,SP,3514908,17699
2022,SP,3514924,3138
2022,SP,3514957,2323
2022,SP,3515004,250691
2022,SP,3515103,66970
2022,SP,3515129,3014
2022,SP,3515152,19566
2022,SP,3515186,39816
2022,SP,3515194,4157
2022,SP,3515202,9417
2022,SP,3515301,2703
2022,SP,3515350,7924
2022,SP,3515400,16641
2022,SP,3515509,71186
2022,SP,3515608,5942
2022,SP,3515657,1656
2022,SP,3515707,179198
2022,SP,3515806,1487
2022,SP,3515905,2733
2022,SP,3516002,12958
2022,SP,3516101,3851
2022,SP,3516200,352536
2022,SP,3516309,165139
2022,SP,3516408,144849
2022,SP,3516507,2763
2022,SP,3516606,6380
2022,SP,3516705,42110
2022,SP,3516804,3252
2022,SP,3516853,4702
2022,SP,3516903,10312
2022,SP,3517000,10232
2022,SP,3517109,4138
2022,SP,3517208,11239
2022,SP,3517307,5512
2022,SP,3517406,39279
2022,SP,3517505,21711
2022,SP,3517604,17071
2022,SP,3517703,18606
2022,SP,3517802,7441
2022,SP,3517901,10350
2022,SP,3518008,1968
2022,SP,3518107,6427
2022,SP,3518206,31043
2022,SP,3518305,31236
2022,SP,3518404,118044
2022,SP,3518503,15013
2022,SP,3518602,37498
2022,SP,3518701,287634
2022,SP,3518800,1291771
2022,SP,3518859,7320
2022,SP,3518909,4246
2022,SP,3519006,9125
2022,SP,3519055,15094
2022,SP,3519071,236641
2022,SP,3519105,10437
2022,SP,3519204,6131
2022,SP,3519253,8010
2022,SP,3519303,32178
2022,SP,3519402,11690
2022,SP,3519501,6385
2022,SP,3519600,60033
2022,SP,3519709,75605
2022,SP,3519808,7819
2022,SP,3519907,7619
2022,SP,3520004,23106
2022,SP,3520103,26212
2022,SP,3520202,10605
2022,SP,3520301,29115
2022,SP,3520400,34934
2022,SP,3520426,13419
2022,SP,3520442,25549
2022,SP,3520509,255748
2022,SP,3520608,5090
2022,SP,3520707,4035
2022,SP,3520806,3615
2022,SP,3520905,13712
2022,SP,3521002,36459
2022,SP,3521101,6831
2022,SP,3521150,6761
2022,SP,3521200,4046
2022,SP,3521309,14454
2022,SP,3521408,21967
2022,SP,3521507,6867
2022,SP,3521606,7085
2022,SP,3521705,17983
2022,SP,3521804,25180
2022,SP,3521903,16989
2022,SP,3522000,3618
2022,SP,3522109,112476
2022,SP,3522158,3422
2022,SP,3522208,158522
2022,SP,3522307,157790
2022,SP,3522406,89728
2022,SP,3522505,232297
2022,SP,3522604,72022
2022,SP,3522653,4306
2022,SP,3522703,39493
2022,SP,3522802,14085
2022,SP,3522901,13659
2022,SP,3523008,3979
2022,SP,3523107,369275
2022,SP,3523206,44438
2022,SP,3523305,15528
2022,SP,3523404,121590
2022,SP,3523503,19070
2022,SP,3523602,16148
2022,SP,3523701,5779
2022,SP,3523800,8046
2022,SP,3523909,168240
2022,SP,3524006,70616
2022,SP,3524105,37571
2022,SP,3524204,6221
2022,SP,3524303,71821
2022,SP,3524402,240275
2022,SP,3524501,7613
2022,SP,3524600,16097
2022,SP,3524709,59347
2022,SP,3524808,48776
2022,SP,3524907,6397
2022,SP,3525003,118045
2022,SP,3525102,45282
2022,SP,3525201,37535
2022,SP,3525300,133497
2022,SP,3525409,3863
2022,SP,3525508,12815
2022,SP,3525607,4371
2022,SP,3525706,36633
2022,SP,3525805,4254
2022,SP,3525854,3056
2022,SP,3525904,443221
2022,SP,3526001,20448
2022,SP,3526100,17154
2022,SP,3526209,27404
2022,SP,3526308,5083
2022,SP,3526407,26261
2022,SP,3526506,9689
2022,SP,3526605,7171
2022,SP,3526704,98161
2022,SP,3526803,66505
2022,SP,3526902,291869
2022,SP,3527009,7014
2022,SP,3527108,74779
2022,SP,3527207,84855
2022,SP,3527256,1950
2022,SP,3527306,51847
2022,SP,3527405,20061
2022,SP,3527504,2372
2022,SP,3527603,12265
2022,SP,3527702,4701
2022,SP,3527801,3981
2022,SP,3527900,2661
2022,SP,3528007,16829
2022,SP,3528106,7481
2022,SP,3528205,3963
2022,SP,3528304,3165
2022,SP,3528403,50027
2022,SP,3528502,93853
2022,SP,3528601,9871
2022,SP,3528700,4573
2022,SP,3528809,12673
2022,SP,3528858,3292
2022,SP,3528908,3513
2022,SP,3529005,237627
2022,SP,3529104,1860
2022,SP,3529203,24881
2022,SP,3529302,79033
2022,SP,3529401,418261
2022,SP,3529500,6159
2022,SP,3529609,4572
2022,SP,3529658,1952
2022,SP,3529708,19441
2022,SP,3529807,11230
2022,SP,3529906,18553
2022,SP,3530003,3126
2022,SP,3530102,27983
2022,SP,3530201,15917
2022,SP,3530300,63337
2022,SP,3530409,4669
2022,SP,3530508,67681
2022,SP,3530607,451505
2022,SP,3530706,153658
2022,SP,3530805,92558
2022,SP,3530904,3722
2022,SP,3531001,1937
2022,SP,3531100,61951
2022,SP,3531209,8627
2022,SP,3531308,47574
2022,SP,3531407,22280
2022,SP,3531506,18151
2022,SP,3531605,4222
2022,SP,3531704,4138
2022,SP,3531803,64662
2022,SP,3531902,27933
2022,SP,3532009,13720
2022,SP,3532058,4034
2022,SP,3532108,3737
2022,SP,3532157,2660
2022,SP,3532207,5713
2022,SP,3532306,6999
2022,SP,3532405,18217
2022,SP,3532504,9699
2022,SP,3532603,9852
2022,SP,3532702,4750
2022,SP,3532801,6693
2022,SP,3532827,8497
2022,SP,3532843,2032
2022,SP,3532868,1062
2022,SP,3532900,9311
2022,SP,3533007,19419
2022,SP,3533106,2156
2022,SP,3533205,4609
2022,SP,3533254,4412
2022,SP,3533304,2837
2022,SP,3533403,62019
2022,SP,3533502,38324
2022,SP,3533601,7391
2022,SP,3533700,4331
2022,SP,3533809,2512
2022,SP,3533908,55074
2022,SP,3534005,4771
2022,SP,3534104,6085
2022,SP,3534203,6024
2022,SP,3534302,38319
2022,SP,3534401,728615
2022,SP,3534500,2470
2022,SP,3534609,31272
2022,SP,3534708,103970
2022,SP,3534757,10294
2022,SP,3534807,7779
2022,SP,3534906,14877
2022,SP,3535002,11476
2022,SP,3535101,9650
2022,SP,3535200,8903
2022,SP,3535309,19594
2022,SP,3535408,14964
2022,SP,3535507,41120
2022,SP,3535606,17667
2022,SP,3535705,6099
2022,SP,3535804,19395
2022,SP,3535903,4031
2022,SP,3536000,10580
2022,SP,3536109,7153
2022,SP,3536208,19233
2022,SP,3536257,2892
2022,SP,3536307,14512
2022,SP,3536406,7955
2022,SP,3536505,110537
2022,SP,3536570,2090
2022,SP,3536604,7400
2022,SP,3536703,44827
2022,SP,3536802,6557
2022,SP,3536901,2787
2022,SP,3537008,15525
2022,SP,3537107,43112
2022,SP,3537156,2804
2022,SP,3537206,11281
2022,SP,3537305,61679
2022,SP,3537404,24095
2022,SP,3537503,8737
2022,SP,3537602,68352
2022,SP,3537701,5519
2022,SP,3537800,52970
2022,SP,3537909,27619
2022,SP,3538006,165428
2022,SP,3538105,14542
2022,SP,3538204,15224
2022,SP,3538303,3264
2022,SP,3538501,12490
2022,SP,3538600,26029
2022,SP,3538709,423323
2022,SP,3538808,29436
2022,SP,3538907,22431
2022,SP,3539004,10885
2022,SP,3539103,18370
2022,SP,3539202,25348
2022,SP,3539301,73545
2022,SP,3539400,15108
2022,SP,3539509,33674
2022,SP,3539608,4389
2022,SP,3539707,3025
2022,SP,3539806,103765
2022,SP,3539905,5592
2022,SP,3540002,20196
2022,SP,3540101,3395
2022,SP,3540200,37607
2022,SP,3540259,4127
2022,SP,3540309,2387
2022,SP,3540408,4127
2022,SP,3540507,10451
2022,SP,3540606,56497
2022,SP,3540705,52649
2022,SP,3540754,20392
2022,SP,3540804,18496
2022,SP,3540853,2578
2022,SP,3540903,17078
2022,SP,3541000,349935
2022,SP,3541059,5126
2022,SP,3541109,3804
2022,SP,3541208,14490
2022,SP,3541307,39505
2022,SP,3541406,225668
2022,SP,3541505,35201
2022,SP,3541604,35131
2022,SP,3541653,3405
2022,SP,3541703,13163
2022,SP,3541802,3265
2022,SP,3541901,9159
2022,SP,3542008,7038
2022,SP,3542107,8965
2022,SP,3542206,28588
2022,SP,3542305,4494
2022,SP,3542404,20145
2022,SP,3542503,7662
2022,SP,3542602,59947
2022,SP,3542701,6404
2022,SP,3542800,3132
2022,SP,3542909,10989
2022,SP,3543006,18627
2022,SP,3543105,4608
2022,SP,3543204,4677
2022,SP,3543238,2025
2022,SP,3543253,7450
2022,SP,3543303,115559
2022,SP,3543402,698642
2022,SP,3543501,5599
2022,SP,3543600,4049
2022,SP,3543709,9098
2022,SP,3543808,9259
2022,SP,3543907,201418
2022,SP,3544004,31328
2022,SP,3544103,44170
2022,SP,3544202,10309
2022,SP,3544251,17440
2022,SP,3544301,10832
2022,SP,3544400,2700
2022,SP,3544509,3833
2022,SP,3544608,5112
2022,SP,3544707,2474
2022,SP,3544806,6437
2022,SP,3544905,11411
2022,SP,3545001,15202
2022,SP,3545100,4808
2022,SP,3545159,8161
2022,SP,3545209,134319
2022,SP,3545308,43748
2022,SP,3545407,9050
2022,SP,3545506,3645
2022,SP,3545605,14018
2022,SP,3545704,6393
2022,SP,3545803,183347
2022,SP,3546009,13975
2022,SP,3546108,2598
2022,SP,3546207,4277
2022,SP,3546256,2116
2022,SP,3546306,28864
2022,SP,3546405,46442
2022,SP,3546504,6118
2022,SP,3546603,34794
2022,SP,3546702,23611
2022,SP,3546801,53174
2022,SP,3546900,7149
2022,SP,3547007,5243
2022,SP,3547106,2956
2022,SP,3547205,1670
2022,SP,3547304,154105
2022,SP,3547403,2733
2022,SP,3547502,24833
2022,SP,3547601,23411
2022,SP,3547650,1645
2022,SP,3547700,17963
2022,SP,3547809,748919
2022,SP,3547908,6775
2022,SP,3548005,23244
2022,SP,3548054,8379
2022,SP,3548104,6126
2022,SP,3548203,7133
2022,SP,3548302,3000
2022,SP,3548401,3899
2022,SP,3548500,418608
2022,SP,3548609,11674
2022,SP,3548708,810729
2022,SP,3548807,165655
2022,SP,3548906,254857
2022,SP,3549003,2602
2022,SP,3549102,92547
2022,SP,3549201,2580
2022,SP,3549250,1846
2022,SP,3549300,2242
2022,SP,3549409,48558
2022,SP,3549508,7626
2022,SP,3549607,3853
2022,SP,3549706,52205
2022,SP,3549805,480393
2022,SP,3549904,697054
2022,SP,3549953,16067
2022,SP,3550001,10337
2022,SP,3550100,37289
2022,SP,3550209,32039
2022,SP,3550308,11451999
2022,SP,3550407,38256
2022,SP,3550506,7217
2022,SP,3550605,79484
2022,SP,3550704,81595
2022,SP,3550803,10441
2022,SP,3550902,13442
2022,SP,3551009,329911
2022,SP,3551108,10369
2022,SP,3551207,3704
2022,SP,3551306,3130
2022,SP,3551405,12746
2022,SP,3551504,43909
2022,SP,3551603,29894
2022,SP,3551702,126887
2022,SP,3551801,12730
2022,SP,3551900,14576
2022,SP,3552007,6186
2022,SP,3552106,40122
2022,SP,3552205,723682
2022,SP,3552304,7355
2022,SP,3552403,279545
2022,SP,3552502,307429
2022,SP,3552551,3408
2022,SP,3552601,11323
2022,SP,3552700,14769
2022,SP,3552809,273542
2022,SP,3552908,6260
2022,SP,3553005,12669
2022,SP,3553104,5677
2022,SP,3553203,6548
2022,SP,3553302,21435
2022,SP,3553401,25265
2022,SP,3553500,7996
2022,SP,3553609,11816
2022,SP,3553658,2619
2022,SP,3553708,52260
2022,SP,3553807,24350
2022,SP,3553856,6876
2022,SP,3553906,6536
2022,SP,3553955,14882
2022,SP,3554003,123942
2022,SP,3554102,310739
2022,SP,3554201,4127
2022,SP,3554300,22173
2022,SP,3554409,7904
2022,SP,3554508,37663
2022,SP,3554607,2464
2022,SP,3554656,2046
2022,SP,3554706,9335
2022,SP,3554755,1682
2022,SP,3554805,51173
2022,SP,3554904,6804
2022,SP,3554953,6778
2022,SP,3555000,63928
2022,SP,3555109,15854
2022,SP,3555208,1818
2022,SP,3555307,1669
2022,SP,3555356,5365
2022,SP,3555406,92981
2022,SP,3555505,5132
2022,SP,3555604,10394
2022,SP,3555703,1603
2022,SP,3555802,8833
2022,SP,3555901,1387
2022,SP,3556008,13744
2022,SP,3556107,14098
2022,SP,3556206,126373
2022,SP,3556305,24241
2022,SP,3556354,10512
2022,SP,3556404,40133
2022,SP,3556453,50415
2022,SP,3556503,115771
2022,SP,3556602,10176
2022,SP,3556701,76540
2022,SP,3556800,17414
2022,SP,3556909,8109
2022,SP,3556958,1794
2022,SP,3557006,127923
2022,SP,3557105,96634
2022,SP,3557154,2692
2022,SP,3557204,12211
2022,SP,3557303,11295
2023,SP,3500105,34687
2023,SP,3500204,4351
2023,SP,3500303,32072
2023,SP,3500402,7369
2023,SP,3500501,17930
2023,SP,3500550,7177
2023,SP,3500600,2780
2023,SP,3500709,37680
2023,SP,3500758,6141
2023,SP,3500808,4445
2023,SP,3500907,3451
2023,SP,3501004,16818
2023,SP,3501103,3841
2023,SP,3501152,17301
2023,SP,3501202,3915
2023,SP,3501301,27255
2023,SP,3501400,4808
2023,SP,3501509,2885
2023,SP,3501608,237240
2023,SP,3501707,33019
2023,SP,3501806,5870
2023,SP,3501905,68008
2023,SP,3502002,4589
2023,SP,3502101,59783
2023,SP,3502200,24022
2023,SP,3502309,5674
2023,SP,3502408,4023
2023,SP,3502507,32569
2023,SP,3502606,4086
2023,SP,3502705,24585
2023,SP,3502754,21522
2023,SP,3502804,200124
2023,SP,3502903,32443
2023,SP,3503000,5420
2023,SP,3503109,6885
2023,SP,3503158,2330
2023,SP,3503208,242228
2023,SP,3503307,130866
2023,SP,3503356,2044
2023,SP,3503406,8130
2023,SP,3503505,3577
2023,SP,3503604,10130
2023,SP,3503703,7602
2023,SP,3503802,51456
2023,SP,3503901,86678
2023,SP,3503950,1842
2023,SP,3504008,101409
2023,SP,3504107,158647
2023,SP,3504206,13692
2023,SP,3504305,4483
2023,SP,3504404,11263
2023,SP,3504503,92805
2023,SP,3504602,27260
2023,SP,3504701,3887
2023,SP,3504800,9596
2023,SP,3504909,9969
2023,SP,3505005,3531
2023,SP,3505104,5640
2023,SP,3505203,31595
2023,SP,3505302,34346
2023,SP,3505351,5179
2023,SP,3505401,6876
2023,SP,3505500,122485
2023,SP,3505609,32092
2023,SP,3505708,316473
2023,SP,3505807,21503
2023,SP,3505906,58402
2023,SP,3506003,379146
2023,SP,3506102,76373
2023,SP,3506201,2606
2023,SP,3506300,11607
2023,SP,3506359,64188
2023,SP,3506409,7319
2023,SP,3506508,118979
2023,SP,3506607,29683
2023,SP,3506706,12978
2023,SP,3506805,11259
2023,SP,3506904,10460
2023,SP,3507001,61081
2023,SP,3507100,22006
2023,SP,3507159,3555
2023,SP,3507209,907
2023,SP,3507308,4715
2023,SP,3507407,14226
2023,SP,3507456,2713
2023,SP,3507506,145155
2023,SP,3507605,176811
2023,SP,3507704,5356
2023,SP,3507753,2565
2023,SP,3507803,25201
2023,SP,3507902,23898
2023,SP,3508009,20250
2023,SP,3508108,17210
2023,SP,3508207,4356
2023,SP,3508306,4299
2023,SP,3508405,47011
2023,SP,3508504,96202
2023,SP,3508603,31564
2023,SP,3508702,17101
2023,SP,3508801,16654
2023,SP,3508900,3712
2023,SP,3509007,95032
2023,SP,3509106,5466
2023,SP,3509205,92689
2023,SP,3509254,28515
2023,SP,3509304,9133
2023,SP,3509403,23830
2023,SP,3509452,5954
2023,SP,3509502,1139047
2023,SP,3509601,77632
2023,SP,3509700,46974
2023,SP,3509809,4888
2023,SP,3509908,12289
2023,SP,3509957,4931
2023,SP,3510005,29449
2023,SP,3510104,2889
2023,SP,3510153,6283
2023,SP,3510203,46337
2023,SP,3510302,22866
2023,SP,3510401,50068
2023,SP,3510500,134873
2023,SP,3510609,386984
2023,SP,3510708,11345
2023,SP,3510807,28083
2023,SP,3510906,2799
2023,SP,3511003,19977
2023,SP,3511102,115791
2023,SP,3511201,7003
2023,SP,3511300,12618
2023,SP,3511409,21469
2023,SP,3511508,44695
2023,SP,3511607,19048
2023,SP,3511706,15535
2023,SP,3511904,6982
2023,SP,3512001,18486
2023,SP,3512100,6629
2023,SP,3512209,28101
2023,SP,3512308,15232
2023,SP,3512407,24514
2023,SP,3512506,5400
2023,SP,3512605,4280
2023,SP,3512704,4195
2023,SP,3512803,59773
2023,SP,3512902,8719
2023,SP,3513009,274413
2023,SP,3513108,33281
2023,SP,3513207,9272
2023,SP,3513306,2108
2023,SP,3513405,74961
2023,SP,3513504,112476
2023,SP,3513603,22110
2023,SP,3513702,31756
2023,SP,3513801,393237
2023,SP,3513850,1620
2023,SP,3513900,11158
2023,SP,3514007,8759
2023,SP,3514106,24510
2023,SP,3514205,2207
2023,SP,3514304,8096
2023,SP,3514403,45474
2023,SP,3514502,12328
2023,SP,3514601,9471
2023,SP,3514700,6205
2023,SP,3514809,13069
2023,SP,3514908,17699
2023,SP,3514924,3138
2023,SP,3514957,2323
2023,SP,3515004,250691
2023,SP,3515103,66970
2023,SP,3515129,3014
2023,SP,3515152,19566
2023,SP,3515186,39816
2023,SP,3515194,4157
2023,SP,3515202,9417
2023,SP,3515301,2703
2023,SP,3515350,7924
2023,SP,3515400,16641
2023,SP,3515509,71186
2023,SP,3515608,5942
2023,SP,3515657,1656
2023,SP,3515707,179198
2023,SP,3515806,1487
2023,SP,3515905,2733
2023,SP,3516002,12958
2023,SP,3516101,3851
2023,SP,3516200,352536
2023,SP,3516309,165139
2023,SP,3516408,144849
2023,SP,3516507,2763
2023,SP,3516606,6380
2023,SP,3516705,42110
2023,SP,3516804,3252
2023,SP,3516853,4702
2023,SP,3516903,10312
2023,SP,3517000,10232
2023,SP,3517109,4138
2023,SP,3517208,11239
2023,SP,3517307,5512
2023,SP,3517406,39279
2023,SP,3517505,21711
2023,SP,3517604,17071
2023,SP,3517703,18606
2023,SP,3517802,7441
2023,SP,3517901,10350
2023,SP,3518008,1968
2023,SP,3518107,6427
2023,SP,3518206,31043
2023,SP,3518305,31236
2023,SP,3518404,118044
2023,SP,3518503,15013
2023,SP,3518602,37498
2023,SP,3518701,287634
2023,SP,3518800,1291771
2023,SP,3518859,7320
2023,SP,3518909,4246
2023,SP,3519006,9125
2023,SP,3519055,15094
2023,SP,3519071,236641
2023,SP,3519105,10437
2023,SP,3519204,6131
2023,SP,3519253,8010
2023,SP,3519303,32178
2023,SP,3519402,11690
2023,SP,3519501,6385
2023,SP,3519600,60033
2023,SP,3519709,75605
2023,SP,3519808,7819
2023,SP,3519907,7619
2023,SP,3520004,23106
2023,SP,3520103,26212
2023,SP,3520202,10605
2023,SP,3520301,29115
2023,SP,3520400,34934
2023,SP,3520426,13419
2023,SP,3520442,25549
2023,SP,3520509,255748
2023,SP,3520608,5090
2023,SP,3520707,4035
2023,SP,3520806,3615
2023,SP,3520905,13712
2023,SP,3521002,36459
2023,SP,3521101,6831
2023,SP,3521150,6761
2023,SP,3521200,4046
2023,SP,3521309,14454
2023,SP,3521408,21967
2023,SP,3521507,6867
2023,SP,3521606,7085
2023,SP,3521705,17983
2023,SP,3521804,25180
2023,SP,3521903,16989
2023,SP,3522000,3618
2023,SP,3522109,112476
2023,SP,3522158,3422
2023,SP,3522208,158522
2023,SP,3522307,157790
2023,SP,3522406,89728
2023,SP,3522505,232297
2023,SP,3522604,72022
2023,SP,3522653,4306
2023,SP,3522703,39493
2023,SP,3522802,14085
2023,SP,3522901,13659
2023,SP,3523008,3979
2023,SP,3523107,369275
2023,SP,3523206,44438
2023,SP,3523305,15528
2023,SP,3523404,121590
2023,SP,3523503,19070
2023,SP,3523602,16148
2023,SP,3523701,5779
2023,SP,3523800,8046
2023,SP,3523909,168240
2023,SP,3524006,70616
2023,SP,3524105,37571
2023,SP,3524204,6221
2023,SP,3524303,71821
2023,SP,3524402,240275
2023,SP,3524501,7613
2023,SP,3524600,16097
2023,SP,3524709,59347
2023,SP,3524808,48776
2023,SP,3524907,6397
2023,SP,3525003,118045
2023,SP,3525102,45282
2023,SP,3525201,37535
2023,SP,3525300,133497
2023,SP,3525409,3863
2023,SP,3525508,12815
2023,SP,3525607,4371
2023,SP,3525706,36633
2023,SP,3525805,4254
2023,SP,3525854,3056
2023,SP,3525904,443221
2023,SP,3526001,20448
2023,SP,3526100,17154
2023,SP,3526209,27404
2023,SP,3526308,5083
2023,SP,3526407,26261
2023,SP,3526506,9689
2023,SP,3526605,7171
2023,SP,3526704,98161
2023,SP,3526803,66505
2023,SP,3526902,291869
2023,SP,3527009,7014
2023,SP,3527108,74779
2023,SP,3527207,84855
2023,SP,3527256,1950
2023,SP,3527306,51847
2023,SP,3527405,20061
2023,SP,3527504,2372
2023,SP,3527603,12265
2023,SP,3527702,4701
2023,SP,3527801,3981
2023,SP,3527900,2661
2023,SP,3528007,16829
2023,SP,3528106,7481
2023,SP,3528205,3963
2023,SP,3528304,3165
2023,SP,3528403,50027
2023,SP,3528502,93853
2023,SP,3528601,9871
2023,SP,3528700,4573
2023,SP,3528809,12673
2023,SP,3528858,3292
2023,SP,3528908,3513
2023,SP,3529005,237627
2023,SP,3529104,1860
2023,SP,3529203,24881
2023,SP,3529302,79033
2023,SP,3529401,418261
2023,SP,3529500,6159
2023,SP,3529609,4572
2023,SP,3529658,1952
2023,SP,3529708,19441
2023,SP,3529807,11230
2023,SP,3529906,18553
2023,SP,3530003,3126
2023,SP,3530102,27983
2023,SP,3530201,15917
2023,SP,3530300,63337
2023,SP,3530409,4669
2023,SP,3530508,67681
2023,SP,3530607,451505
2023,SP,3530706,153658
2023,SP,3530805,92558
2023,SP,3530904,3722
2023,SP,3531001,1937
2023,SP,3531100,61951
2023,SP,3531209,8627
2023,SP,3531308,47574
2023,SP,3531407,22280
2023,SP,3531506,18151
2023,SP,3531605,4222
2023,SP,3531704,4138
2023,SP,3531803,64662
2023,SP,3531902,27933
2023,SP,3532009,13720
2023,SP,3532058,4034
2023,SP,3532108,3737
2023,SP,3532157,2660
2023,SP,3532207,5713
2023,SP,3532306,6999
2023,SP,3532405,18217
2023,SP,3532504,9699
2023,SP,3532603,9852
2023,SP,3532702,4750
2023,SP,3532801,6693
2023,SP,3532827,8497
2023,SP,3532843,2032
2023,SP,3532868,1062
2023,SP,3532900,9311
2023,SP,3533007,19419
2023,SP,3533106,2156
2023,SP,3533205,4609
2023,SP,3533254,4412
2023,SP,3533304,2837
2023,SP,3533403,62019
2023,SP,3533502,38324
2023,SP,3533601,7391
2023,SP,3533700,4331
2023,SP,3533809,2512
2023,SP,3533908,55074
2023,SP,3534005,4771
2023,SP,3534104,6085
2023,SP,3534203,6024
2023,SP,3534302,38319
2023,SP,3534401,728615
2023,SP,3534500,2470
2023,SP,3534609,31272
2023,SP,3534708,103970
2023,SP,3534757,10294
2023,SP,3534807,7779
2023,SP,3534906,14877
2023,SP,3535002,11476
2023,SP,3535101,9650
2023,SP,3535200,8903
2023,SP,3535309,19594
2023,SP,3535408,14964
2023,SP,3535507,41120
2023,SP,3535606,17667
2023,SP,3535705,6099
2023,SP,3535804,19395
2023,SP,3535903,4031
2023,SP,3536000,10580
2023,SP,3536109,7153
2023,SP,3536208,19233
2023,SP,3536257,2892
2023,SP,3536307,14512
2023,SP,3536406,7955
2023,SP,3536505,110537
2023,SP,3536570,2090
2023,SP,3536604,7400
2023,SP,3536703,44827
2023,SP,3536802,6557
2023,SP,3536901,2787
2023,SP,3537008,15525
2023,SP,3537107,43112
2023,SP,3537156,2804
2023,SP,3537206,11281
2023,SP,3537305,61679
2023,SP,3537404,24095
2023,SP,3537503,8737
2023,SP,3537602,68352
2023,SP,3537701,5519
2023,SP,3537800,52970
2023,SP,3537909,27619
2023,SP,3538006,165428
2023,SP,3538105,14542
2023,SP,3538204,15224
2023,SP,3538303,3264
2023,SP,3538501,12490
2023,SP,3538600,26029
2023,SP,3538709,423323
2023,SP,3538808,29436
2023,SP,3538907,22431
2023,SP,3539004,10885
2023,SP,3539103,18370
2023,SP,3539202,25348
2023,SP,3539301,73545
2023,SP,3539400,15108
2023,SP,3539509,33674
2023,SP,3539608,4389
2023,SP,3539707,3025
2023,SP,3539806,103765
2023,SP,3539905,5592
2023,SP,3540002,20196
2023,SP,3540101,3395
2023,SP,3540200,37607
2023,SP,3540259,4127
2023,SP,3540309,2387
2023,SP,3540408,4127
2023,SP,3540507,10451
2023,SP,3540606,56497
2023,SP,3540705,52649
2023,SP,3540754,20392
2023,SP,3540804,18496
2023,SP,3540853,2578
2023,SP,3540903,17078
2023,SP,3541000,349935
2023,SP,3541059,5126
2023,SP,3541109,3804
2023,SP,3541208,14490
2023,SP,3541307,39505
2023,SP,3541406,225668
2023,SP,3541505,35201
2023,SP,3541604,35131
2023,SP,3541653,3405
2023,SP,3541703,13163
2023,SP,3541802,3265
2023,SP,3541901,9159
2023,SP,3542008,7038
2023,SP,3542107,8965
2023,SP,3542206,28588
2023,SP,3542305,4494
2023,SP,3542404,20145
2023,SP,3542503,7662
2023,SP,3542602,59947
2023,SP,3542701,6404
2023,SP,3542800,3132
2023,SP,3542909,10989
2023,SP,3543006,18627
2023,SP,3543105,4608
2023,SP,3543204,4677
2023,SP,3543238,2025
2023,SP,3543253,7450
2023,SP,3543303,115559
2023,SP,3543402,698642
2023,SP,3543501,5599
2023,SP,3543600,4049
2023,SP,3543709,9098
2023,SP,3543808,9259
2023,SP,3543907,201418
2023,SP,3544004,31328
2023,SP,3544103,44170
2023,SP,3544202,10309
2023,SP,3544251,17440
2023,SP,3544301,10832
2023,SP,3544400,2700
2023,SP,3544509,3833
2023,SP,3544608,5112
2023,SP,3544707,2474
2023,SP,3544806,6437
2023,SP,3544905,11411
2023,SP,3545001,15202
2023,SP,3545100,4808
2023,SP,3545159,8161
2023,SP,3545209,134319
2023,SP,3545308,43748
2023,SP,3545407,9050
2023,SP,3545506,3645
2023,SP,3545605,14018
2023,SP,3545704,6393
2023,SP,3545803,183347
2023,SP,3546009,13975
2023,SP,3546108,2598
2023,SP,3546207,4277
2023,SP,3546256,2116
2023,SP,3546306,28864
2023,SP,3546405,46442
2023,SP,3546504,6118
2023,SP,3546603,34794
2023,SP,3546702,23611
2023,SP,3546801,53174
2023,SP,3546900,7149
2023,SP,3547007,5243
2023,SP,3547106,2956
2023,SP,3547205,1670
2023,SP,3547304,154105
2023,SP,3547403,2733
2023,SP,3547502,24833
2023,SP,3547601,23411
2023,SP,3547650,1645
2023,SP,3547700,17963
2023,SP,3547809,748919
2023,SP,3547908,6775
2023,SP,3548005,23244
2023,SP,3548054,8379
2023,SP,3548104,6126
2023,SP,3548203,7133
2023,SP,3548302,3000
2023,SP,3548401,3899
2023,SP,3548500,418608
2023,SP,3548609,11674
2023,SP,3548708,810729
2023,SP,3548807,165655
2023,SP,3548906,254857
2023,SP,3549003,2602
2023,SP,3549102,92547
2023,SP,3549201,2580
2023,SP,3549250,1846
2023,SP,3549300,2242
2023,SP,3549409,48558
2023,SP,3549508,7626
2023,SP,3549607,3853
2023,SP,3549706,52205
2023,SP,3549805,480393
2023,SP,3549904,697054
2023,SP,3549953,16067
2023,SP,3550001,10337
2023,SP,3550100,37289
2023,SP,3550209,32039
2023,SP,3550308,11451999
2023,SP,3550407,38256
2023,SP,3550506,7217
2023,SP,3550605,79484
2023,SP,3550704,81595
2023,SP,3550803,10441
2023,SP,3550902,13442
2023,SP,3551009,329911
2023,SP,3551108,10369
2023,SP,3551207,3704
2023,SP,3551306,3130
2023,SP,3551405,12746
2023,SP,3551504,43909
2023,SP,3551603,29894
2023,SP,3551702,126887
2023,SP,3551801,12730
2023,SP,3551900,14576
2023,SP,3552007,6186
2023,SP,3552106,40122
2023,SP,3552205,723682
2023,SP,3552304,7355
2023,SP,3552403,279545
2023,SP,3552502,307429
2023,SP,3552551,3408
2023,SP,3552601,11323
2023,SP,3552700,14769
2023,SP,3552809,273542
2023,SP,3552908,6260
2023,SP,3553005,12669
2023,SP,3553104,5677
2023,SP,3553203,6548
2023,SP,3553302,21435
2023,SP,3553401,25265
2023,SP,3553500,7996
2023,SP,3553609,11816
2023,SP,3553658,2619
2023,SP,3553708,52260
2023,SP,3553807,24350
2023,SP,3553856,6876
2023,SP,3553906,6536
2023,SP,3553955,14882
2023,SP,3554003,123942
2023,SP,3554102,310739
2023,SP,3554201,4127
2023,SP,3554300,22173
2023,SP,3554409,7904
2023,SP,3554508,37663
2023,SP,3554607,2464
2023,SP,3554656,2046
2023,SP,3554706,9335
2023,SP,3554755,1682
2023,SP,3554805,51173
2023,SP,3554904,6804
2023,SP,3554953,6778
2023,SP,3555000,63928
2023,SP,3555109,15854
2023,SP,3555208,1818
2023,SP,3555307,1669
2023,SP,3555356,5365
2023,SP,3555406,92981
2023,SP,3555505,5132
2023,SP,3555604,10394
2023,SP,3555703,1603
2023,SP,3555802,8833
2023,SP,3555901,1387
2023,SP,3556008,13744
2023,SP,3556107,14098
2023,SP,3556206,126373
2023,SP,3556305,24241
2023,SP,3556354,10512
2023,SP,3556404,40133
2023,SP,3556453,50415
2023,SP,3556503,115771
2023,SP,3556602,10176
2023,SP,3556701,76540
2023,SP,3556800,17414
2023,SP,3556909,8109
2023,SP,3556958,1794
2023,SP,3557006,127923
2023,SP,3557105,96634
2023,SP,3557154,2692
2023,SP,3557204,12211
2023,SP,3557303,11295
2024,SP,3500105,35642
2024,SP,3500204,4478
2024,SP,3500303,32888
2024,SP,3500402,7470
2024,SP,3500501,18245
2024,SP,3500550,7407
2024,SP,3500600,2829
2024,SP,3500709,38879
2024,SP,3500758,6330
2024,SP,3500808,4556
2024,SP,3500907,3479
2024,SP,3501004,17156
2024,SP,3501103,3883
2024,SP,3501152,17591
2024,SP,3501202,3978
2024,SP,3501301,28250
2024,SP,3501400,4896
2024,SP,3501509,2923
2024,SP,3501608,246655
2024,SP,3501707,33757
2024,SP,3501806,5975
2024,SP,3501905,69717
2024,SP,3502002,4684
2024,SP,3502101,61473
2024,SP,3502200,24512
2024,SP,3502309,5766
2024,SP,3502408,4108
2024,SP,3502507,33223
2024,SP,3502606,4124
2024,SP,3502705,24886
2024,SP,3502754,22168
2024,SP,3502804,207775
2024,SP,3502903,33656
2024,SP,3503000,5526
2024,SP,3503109,7050
2024,SP,3503158,2355
2024,SP,3503208,252318
2024,SP,3503307,135331
2024,SP,3503356,2085
2024,SP,3503406,8280
2024,SP,3503505,3625
2024,SP,3503604,10257
2024,SP,3503703,7653
2024,SP,3503802,53157
2024,SP,3503901,89943
2024,SP,3503950,1873
2024,SP,3504008,104642
2024,SP,3504107,166043
2024,SP,3504206,13873
2024,SP,3504305,4519
2024,SP,3504404,11438
2024,SP,3504503,96098
2024,SP,3504602,28909
2024,SP,3504701,3963
2024,SP,3504800,9854
2024,SP,3504909,10109
2024,SP,3505005,3618
2024,SP,3505104,5659
2024,SP,3505203,32405
2024,SP,3505302,35159
2024,SP,3505351,5256
2024,SP,3505401,6922
2024,SP,3505500,126600
2024,SP,3505609,33181
2024,SP,3505708,330339
2024,SP,3505807,21900
2024,SP,3505906,59873
2024,SP,3506003,391740
2024,SP,3506102,78210
2024,SP,3506201,2642
2024,SP,3506300,11852
2024,SP,3506359,66873
2024,SP,3506409,7455
2024,SP,3506508,122988
2024,SP,3506607,30526
2024,SP,3506706,13135
2024,SP,3506805,11467
2024,SP,3506904,10688
2024,SP,3507001,63415
2024,SP,3507100,22501
2024,SP,3507159,3610
2024,SP,3507209,928
2024,SP,3507308,4823
2024,SP,3507407,14415
2024,SP,3507456,2787
2024,SP,3507506,150442
2024,SP,3507605,184634
2024,SP,3507704,5466
2024,SP,3507753,2605
2024,SP,3507803,26167
2024,SP,3507902,24423
2024,SP,3508009,20674
2024,SP,3508108,17597
2024,SP,3508207,4447
2024,SP,3508306,4362
2024,SP,3508405,48473
2024,SP,3508504,99678
2024,SP,3508603,32482
2024,SP,3508702,17266
2024,SP,3508801,16905
2024,SP,3508900,3745
2024,SP,3509007,98257
2024,SP,3509106,5585
2024,SP,3509205,97363
2024,SP,3509254,29257
2024,SP,3509304,9232
2024,SP,3509403,24217
2024,SP,3509452,6077
2024,SP,3509502,1185977
2024,SP,3509601,79663
2024,SP,3509700,47983
2024,SP,3509809,4991
2024,SP,3509908,12489
2024,SP,3509957,5049
2024,SP,3510005,30172
2024,SP,3510104,2951
2024,SP,3510153,6524
2024,SP,3510203,47403
2024,SP,3510302,23597
2024,SP,3510401,51318
2024,SP,3510500,141084
2024,SP,3510609,398462
2024,SP,3510708,11491
2024,SP,3510807,28786
2024,SP,3510906,2855
2024,SP,3511003,20418
2024,SP,3511102,119172
2024,SP,3511201,7105
2024,SP,3511300,13160
2024,SP,3511409,22076
2024,SP,3511508,46217
2024,SP,3511607,19588
2024,SP,3511706,15798
2024,SP,3511904,7087
2024,SP,3512001,18842
2024,SP,3512100,6781
2024,SP,3512209,29034
2024,SP,3512308,15381
2024,SP,3512407,25130
2024,SP,3512506,5498
2024,SP,3512605,4295
2024,SP,3512704,4285
2024,SP,3512803,61204
2024,SP,3512902,8968
2024,SP,3513009,287004
2024,SP,3513108,34252
2024,SP,3513207,9543
2024,SP,3513306,2129
2024,SP,3513405,76513
2024,SP,3513504,115082
2024,SP,3513603,22456
2024,SP,3513702,32622
2024,SP,3513801,404118
2024,SP,3513850,1641
2024,SP,3513900,11314
2024,SP,3514007,8958
2024,SP,3514106,24855
2024,SP,3514205,2250
2024,SP,3514304,8186
2024,SP,3514403,46664
2024,SP,3514502,12529
2024,SP,3514601,9719
2024,SP,3514700,6295
2024,SP,3514809,13162
2024,SP,3514908,18103
2024,SP,3514924,3189
2024,SP,3514957,2353
2024,SP,3515004,259323
2024,SP,3515103,68805
2024,SP,3515129,3062
2024,SP,3515152,20139
2024,SP,3515186,40681
2024,SP,3515194,4217
2024,SP,3515202,9655
2024,SP,3515301,2749
2024,SP,3515350,7928
2024,SP,3515400,16984
2024,SP,3515509,73286
2024,SP,3515608,6066
2024,SP,3515657,1689
2024,SP,3515707,185622
2024,SP,3515806,1492
2024,SP,3515905,2756
2024,SP,3516002,13171
2024,SP,3516101,3987
2024,SP,3516200,364331
2024,SP,3516309,171107
2024,SP,3516408,149786
2024,SP,3516507,2811
2024,SP,3516606,6435
2024,SP,3516705,43115
2024,SP,3516804,3235
2024,SP,3516853,4797
2024,SP,3516903,10449
2024,SP,3517000,10355
2024,SP,3517109,4173
2024,SP,3517208,11459
2024,SP,3517307,5606
2024,SP,3517406,40424
2024,SP,3517505,22316
2024,SP,3517604,17256
2024,SP,3517703,18790
2024,SP,3517802,7486
2024,SP,3517901,10542
2024,SP,3518008,1999
2024,SP,3518107,6531
2024,SP,3518206,31872
2024,SP,3518305,32436
2024,SP,3518404,121710
2024,SP,3518503,15268
2024,SP,3518602,38609
2024,SP,3518701,294973
2024,SP,3518800,1345364
2024,SP,3518859,7462
2024,SP,3518909,4276
2024,SP,3519006,9302
2024,SP,3519055,15596
2024,SP,3519071,247331
2024,SP,3519105,10633
2024,SP,3519204,6207
2024,SP,3519253,8257
2024,SP,3519303,33110
2024,SP,3519402,11934
2024,SP,3519501,6461
2024,SP,3519600,61908
2024,SP,3519709,77651
2024,SP,3519808,7969
2024,SP,3519907,7739
2024,SP,3520004,23430
2024,SP,3520103,26755
2024,SP,3520202,10904
2024,SP,3520301,29881
2024,SP,3520400,36329
2024,SP,3520426,13955
2024,SP,3520442,26240
2024,SP,3520509,267796
2024,SP,3520608,5191
2024,SP,3520707,4109
2024,SP,3520806,3671
2024,SP,3520905,13933
2024,SP,3521002,37999
2024,SP,3521101,6999
2024,SP,3521150,7037
2024,SP,3521200,4091
2024,SP,3521309,14691
2024,SP,3521408,22435
2024,SP,3521507,6946
2024,SP,3521606,7145
2024,SP,3521705,18258
2024,SP,3521804,25930
2024,SP,3521903,17420
2024,SP,3522000,3702
2024,SP,3522109,117435
2024,SP,3522158,3490
2024,SP,3522208,163928
2024,SP,3522307,163774
2024,SP,3522406,92324
2024,SP,3522505,241924
2024,SP,3522604,73919
2024,SP,3522653,4405
2024,SP,3522703,40464
2024,SP,3522802,14260
2024,SP,3522901,13984
2024,SP,3523008,4014
2024,SP,3523107,382521
2024,SP,3523206,45327
2024,SP,3523305,15762
2024,SP,3523404,126403
2024,SP,3523503,19427
2024,SP,3523602,16433
2024,SP,3523701,5861
2024,SP,3523800,8210
2024,SP,3523909,174561
2024,SP,3524006,74119
2024,SP,3524105,38451
2024,SP,3524204,6293
2024,SP,3524303,73467
2024,SP,3524402,249968
2024,SP,3524501,7878
2024,SP,3524600,16254
2024,SP,3524709,61801
2024,SP,3524808,50017
2024,SP,3524907,6575
2024,SP,3525003,121988
2024,SP,3525102,46868
2024,SP,3525201,39531
2024,SP,3525300,137323
2024,SP,3525409,3976
2024,SP,3525508,13095
2024,SP,3525607,4456
2024,SP,3525706,37859
2024,SP,3525805,4308
2024,SP,3525854,3123
2024,SP,3525904,460313
2024,SP,3526001,20878
2024,SP,3526100,17255
2024,SP,3526209,28007
2024,SP,3526308,5182
2024,SP,3526407,27009
2024,SP,3526506,9909
2024,SP,3526605,7328
2024,SP,3526704,101316
2024,SP,3526803,68395
2024,SP,3526902,300728
2024,SP,3527009,7147
2024,SP,3527108,76729
2024,SP,3527207,87370
2024,SP,3527256,1968
2024,SP,3527306,54111
2024,SP,3527405,20372
2024,SP,3527504,2419
2024,SP,3527603,12531
2024,SP,3527702,4751
2024,SP,3527801,4017
2024,SP,3527900,2699
2024,SP,3528007,17120
2024,SP,3528106,7587
2024,SP,3528205,4048
2024,SP,3528304,3212
2024,SP,3528403,51660
2024,SP,3528502,97399
2024,SP,3528601,10092
2024,SP,3528700,4627
2024,SP,3528809,12826
2024,SP,3528858,3392
2024,SP,3528908,3539
2024,SP,3529005,246627
2024,SP,3529104,1870
2024,SP,3529203,25299
2024,SP,3529302,80998
2024,SP,3529401,429380
2024,SP,3529500,6369
2024,SP,3529609,4697
2024,SP,3529658,1988
2024,SP,3529708,19655
2024,SP,3529807,11349
2024,SP,3529906,18679
2024,SP,3530003,3199
2024,SP,3530102,28737
2024,SP,3530201,16069
2024,SP,3530300,65485
2024,SP,3530409,4771
2024,SP,3530508,69324
2024,SP,3530607,468120
2024,SP,3530706,159735
2024,SP,3530805,95534
2024,SP,3530904,3815
2024,SP,3531001,1954
2024,SP,3531100,64519
2024,SP,3531209,8873
2024,SP,3531308,48725
2024,SP,3531407,22650
2024,SP,3531506,18363
2024,SP,3531605,4301
2024,SP,3531704,4205
2024,SP,3531803,67296
2024,SP,3531902,28561
2024,SP,3532009,14081
2024,SP,3532058,4079
2024,SP,3532108,3763
2024,SP,3532157,2699
2024,SP,3532207,5908
2024,SP,3532306,7134
2024,SP,3532405,18620
2024,SP,3532504,9921
2024,SP,3532603,9944
2024,SP,3532702,4860
2024,SP,3532801,6858
2024,SP,3532827,8631
2024,SP,3532843,2058
2024,SP,3532868,1074
2024,SP,3532900,9459
2024,SP,3533007,19725
2024,SP,3533106,2188
2024,SP,3533205,4795
2024,SP,3533254,4469
2024,SP,3533304,2838
2024,SP,3533403,64228
2024,SP,3533502,39435
2024,SP,3533601,7550
2024,SP,3533700,4412
2024,SP,3533809,2540
2024,SP,3533908,56701
2024,SP,3534005,4912
2024,SP,3534104,6180
2024,SP,3534203,6145
2024,SP,3534302,39193
2024,SP,3534401,756952
2024,SP,3534500,2504
2024,SP,3534609,32099
2024,SP,3534708,106877
2024,SP,3534757,10596
2024,SP,3534807,7901
2024,SP,3534906,15217
2024,SP,3535002,11689
2024,SP,3535101,9709
2024,SP,3535200,8994
2024,SP,3535309,19767
2024,SP,3535408,15214
2024,SP,3535507,42087
2024,SP,3535606,17950
2024,SP,3535705,6211
2024,SP,3535804,19799
2024,SP,3535903,4111
2024,SP,3536000,10729
2024,SP,3536109,7382
2024,SP,3536208,19576
2024,SP,3536257,3001
2024,SP,3536307,14837
2024,SP,3536406,8200
2024,SP,3536505,115690
2024,SP,3536570,2146
2024,SP,3536604,7430
2024,SP,3536703,46223
2024,SP,3536802,6718
2024,SP,3536901,2848
2024,SP,3537008,15742
2024,SP,3537107,44332
2024,SP,3537156,2838
2024,SP,3537206,11539
2024,SP,3537305,63317
2024,SP,3537404,24389
2024,SP,3537503,8969
2024,SP,3537602,70543
2024,SP,3537701,5623
2024,SP,3537800,54237
2024,SP,3537909,28417
2024,SP,3538006,172027
2024,SP,3538105,14721
2024,SP,3538204,15605
2024,SP,3538303,3296
2024,SP,3538501,12570
2024,SP,3538600,26764
2024,SP,3538709,438827
2024,SP,3538808,30261
2024,SP,3538907,22743
2024,SP,3539004,11076
2024,SP,3539103,18836
2024,SP,3539202,26065
2024,SP,3539301,75475
2024,SP,3539400,15554
2024,SP,3539509,34416
2024,SP,3539608,4454
2024,SP,3539707,3061
2024,SP,3539806,106431
2024,SP,3539905,5696
2024,SP,3540002,20512
2024,SP,3540101,3443
2024,SP,3540200,38376
2024,SP,3540259,4196
2024,SP,3540309,2415
2024,SP,3540408,4185
2024,SP,3540507,10773
2024,SP,3540606,58345
2024,SP,3540705,53940
2024,SP,3540754,20767
2024,SP,3540804,18994
2024,SP,3540853,2599
2024,SP,3540903,17309
2024,SP,3541000,365577
2024,SP,3541059,5246
2024,SP,3541109,3841
2024,SP,3541208,14772
2024,SP,3541307,40383
2024,SP,3541406,234083
2024,SP,3541505,35902
2024,SP,3541604,35991
2024,SP,3541653,3472
2024,SP,3541703,13399
2024,SP,3541802,3351
2024,SP,3541901,9146
2024,SP,3542008,7225
2024,SP,3542107,9133
2024,SP,3542206,29305
2024,SP,3542305,4611
2024,SP,3542404,20565
2024,SP,3542503,7808
2024,SP,3542602,61732
2024,SP,3542701,6492
2024,SP,3542800,3166
2024,SP,3542909,11079
2024,SP,3543006,18930
2024,SP,3543105,4706
2024,SP,3543204,4768
2024,SP,3543238,2045
2024,SP,3543253,7570
2024,SP,3543303,118877
2024,SP,3543402,728400
2024,SP,3543501,5647
2024,SP,3543600,4158
2024,SP,3543709,9145
2024,SP,3543808,9357
2024,SP,3543907,208857
2024,SP,3544004,32267
2024,SP,3544103,45317
2024,SP,3544202,10453
2024,SP,3544251,17533
2024,SP,3544301,11095
2024,SP,3544400,2741
2024,SP,3544509,3965
2024,SP,3544608,5185
2024,SP,3544707,2519
2024,SP,3544806,6612
2024,SP,3544905,11654
2024,SP,3545001,15396
2024,SP,3545100,4883
2024,SP,3545159,8371
2024,SP,3545209,140125
2024,SP,3545308,45138
2024,SP,3545407,9212
2024,SP,3545506,3699
2024,SP,3545605,14203
2024,SP,3545704,6543
2024,SP,3545803,189338
2024,SP,3546009,14212
2024,SP,3546108,2677
2024,SP,3546207,4365
2024,SP,3546256,2162
2024,SP,3546306,29525
2024,SP,3546405,47677
2024,SP,3546504,6256
2024,SP,3546603,36098
2024,SP,3546702,24107
2024,SP,3546801,54586
2024,SP,3546900,7181
2024,SP,3547007,5314
2024,SP,3547106,3012
2024,SP,3547205,1698
2024,SP,3547304,162341
2024,SP,3547403,2790
2024,SP,3547502,25060
2024,SP,3547601,23725
2024,SP,3547650,1686
2024,SP,3547700,18045
2024,SP,3547809,778711
2024,SP,3547908,6917
2024,SP,3548005,23779
2024,SP,3548054,8568
2024,SP,3548104,6237
2024,SP,3548203,7294
2024,SP,3548302,3063
2024,SP,3548401,3933
2024,SP,3548500,429567
2024,SP,3548609,11948
2024,SP,3548708,840499
2024,SP,3548807,172109
2024,SP,3548906,265294
2024,SP,3549003,2629
2024,SP,3549102,95762
2024,SP,3549201,2622
2024,SP,3549250,1880
2024,SP,3549300,2288
2024,SP,3549409,49815
2024,SP,3549508,7690
2024,SP,3549607,3898
2024,SP,3549706,53416
2024,SP,3549805,501597
2024,SP,3549904,724756
2024,SP,3549953,16458
2024,SP,3550001,10497
2024,SP,3550100,38166
2024,SP,3550209,32904
2024,SP,3550308,11895578
2024,SP,3550407,39725
2024,SP,3550506,7333
2024,SP,3550605,81342
2024,SP,3550704,84019
2024,SP,3550803,10484
2024,SP,3550902,13590
2024,SP,3551009,338407
2024,SP,3551108,10632
2024,SP,3551207,3769
2024,SP,3551306,3187
2024,SP,3551405,13058
2024,SP,3551504,45408
2024,SP,3551603,30920
2024,SP,3551702,131600
2024,SP,3551801,12912
2024,SP,3551900,14724
2024,SP,3552007,6313
2024,SP,3552106,41405
2024,SP,3552205,757459
2024,SP,3552304,7466
2024,SP,3552403,289787
2024,SP,3552502,318765
2024,SP,3552551,3464
2024,SP,3552601,11499
2024,SP,3552700,14994
2024,SP,3552809,284274
2024,SP,3552908,6399
2024,SP,3553005,13006
2024,SP,3553104,5751
2024,SP,3553203,6733
2024,SP,3553302,21682
2024,SP,3553401,26021
2024,SP,3553500,8122
2024,SP,3553609,11936
2024,SP,3553658,2652
2024,SP,3553708,53322
2024,SP,3553807,24863
2024,SP,3553856,7112
2024,SP,3553906,6635
2024,SP,3553955,15248
2024,SP,3554003,128560
2024,SP,3554102,321298
2024,SP,3554201,4142
2024,SP,3554300,22559
2024,SP,3554409,7985
2024,SP,3554508,38690
2024,SP,3554607,2490
2024,SP,3554656,2063
2024,SP,3554706,9484
2024,SP,3554755,1719
2024,SP,3554805,53083
2024,SP,3554904,7013
2024,SP,3554953,6947
2024,SP,3555000,65416
2024,SP,3555109,16206
2024,SP,3555208,1839
2024,SP,3555307,1672
2024,SP,3555356,5456
2024,SP,3555406,96598
2024,SP,3555505,5265
2024,SP,3555604,10627
2024,SP,3555703,1628
2024,SP,3555802,8973
2024,SP,3555901,1419
2024,SP,3556008,14038
2024,SP,3556107,14531
2024,SP,3556206,131277
2024,SP,3556305,24723
2024,SP,3556354,10805
2024,SP,3556404,41226
2024,SP,3556453,52103
2024,SP,3556503,119576
2024,SP,3556602,10294
2024,SP,3556701,79235
2024,SP,3556800,17681
2024,SP,3556909,8327
2024,SP,3556958,1826
2024,SP,3557006,132849
2024,SP,3557105,100159
2024,SP,3557154,2761
2024,SP,3557204,12411
2024,SP,3557303,11566
