id_municipio,nome_municipio,qtd_atendimentos_periodo,populacao,APC
3500105,ADAMANTINA,2674237.0,35642,75.03049772740026
3500204,ADOLFO,442088.0,4478,98.72443054935239
3500303,AGUAI,2363632.0,32888,71.8691315981513
3500402,AGUAS DA PRATA,329005.0,7470,44.043507362784474
3500501,AGUAS DE LINDOIA,216104.0,18245,11.844560153466704
3500550,AGUAS DE SANTA BARBARA,286870.0,7407,38.72958012690698
3500600,AGUAS DE SAO PEDRO,463257.0,2829,163.7529162248144
3500709,AGUDOS,2679868.0,38879,68.92841894081639
3500758,ALAMBARI,583837.0,6330,92.23333333333333
3500808,ALFREDO MARCONDES,230455.0,4556,50.58274802458297
3500907,ALTAIR,248594.0,3479,71.45559068697902
3501004,ALTINOPOLIS,1695399.0,17156,98.82251107484262
3501103,ALTO ALEGRE,187773.0,3883,48.35771310842132
3501152,ALUMINIO,541540.0,17591,30.78506054232278
3501202,ALVARES FLORENCE,93123.0,3978,23.40950226244344
3501301,ALVARES MACHADO,1295299.0,28250,45.85129203539823
3501400,ALVARO DE CARVALHO,186008.0,4896,37.99183006535948
3501509,ALVINLANDIA,125852.0,2923,43.05576462538488
3501608,AMERICANA,8670623.0,246655,35.15283695850479
3501707,AMERICO BRASILIENSE,2183042.0,33757,64.66931303137127
3501806,AMERICO DE CAMPOS,79999.0,5975,13.388953974895397
3501905,AMPARO,3301763.0,69717,47.35951059282528
3502002,ANALANDIA,350593.0,4684,74.84906063193851
3502101,ANDRADINA,2955901.0,61473,48.08454118068095
3502200,ANGATUBA,1253437.0,24512,51.135647845953
3502309,ANHEMBI,521711.0,5766,90.48057578910857
3502408,ANHUMAS,175326.0,4108,42.67916260954236
3502507,APARECIDA,2334493.0,33223,70.26737501128736
3502606,APARECIDA D'OESTE,684417.0,4124,165.95950533462658
3502705,APIAI,656133.0,24886,26.36554689383589
3502754,ARACARIGUAMA,2764964.0,22168,124.72771562612775
3502804,ARACATUBA,48359627.0,207775,232.74997954518108
3502903,ARACOIABA DA SERRA,1729428.0,33656,51.385429046826715
3503000,ARAMINA,149855.0,5526,27.118168657256604
3503109,ARANDU,192296.0,7050,27.276028368794325
3503158,ARAPEI,242683.0,2355,103.05010615711252
3503208,ARARAQUARA,47012177.0,252318,186.32113840471152
3503307,ARARAS,5163794.0,135331,38.15677117585771
3503356,ARCO-IRIS,58465.0,2085,28.040767386091126
3503406,AREALVA,563830.0,8280,68.09541062801932
3503505,AREIAS,166803.0,3625,46.014620689655175
3503604,AREIOPOLIS,450414.0,10257,43.91284001169933
3503703,ARIRANHA,521401.0,7653,68.13027570887233
3503802,ARTUR NOGUEIRA,1377869.0,53157,25.92074421054612
3503901,ARUJA,3844915.0,89943,42.7483517338759
3503950,ASPASIA,299878.0,1873,160.10571276027764
3504008,ASSIS,26931133.0,104642,257.36447124481566
3504107,ATIBAIA,6888171.0,166043,41.484260101299064
3504206,AURIFLAMA,1237701.0,13873,89.2165357168601
3504305,AVAI,114422.0,4519,25.320203584863908
3504404,AVANHANDAVA,306769.0,11438,26.82016086728449
3504503,AVARE,4191617.0,96098,43.61815022164873
3504602,BADY BASSITT,1898162.0,28909,65.65989830156698
3504701,BALBINOS,32735.0,3963,8.260156447136008
3504800,BALSAMO,76052.0,9854,7.717881063527502
3504909,BANANAL,461941.0,10109,45.6960134533584
3505005,BARAO DE ANTONINA,22586.0,3618,6.242675511332227
3505104,BARBOSA,500417.0,5659,88.42852094009542
3505203,BARIRI,1842206.0,32405,56.84943681530628
3505302,BARRA BONITA,1573431.0,35159,44.75187007594073
3505351,BARRA DO CHAPEU,34324.0,5256,6.530441400304414
3505401,BARRA DO TURVO,302062.0,6922,43.63796590580757
3505500,BARRETOS,45034177.0,126600,355.72019747235385
3505609,BARRINHA,672303.0,33181,20.26168590458395
3505708,BARUERI,41361086.0,330339,125.20800147727032
3505807,BASTOS,972944.0,21900,44.42666666666667
3505906,BATATAIS,4146881.0,59873,69.2612863895245
3506003,BAURU,74419615.0,391740,189.97195844182366
3506102,BEBEDOURO,4186863.0,78210,53.53360184119678
3506201,BENTO DE ABREU,64797.0,2642,24.525738077214232
3506300,BERNARDINO DE CAMPOS,269267.0,11852,22.7191191360108
3506359,BERTIOGA,7170161.0,66873,107.2205673440701
3506409,BILAC,611004.0,7455,81.958953722334
3506508,BIRIGUI,6982916.0,122988,56.77721403714183
3506607,BIRITIBA MIRIM,1198235.0,30526,39.252931926882
3506706,BOA ESPERANCA DO SUL,338757.0,13135,25.790407308717167
3506805,BOCAINA,666852.0,11467,58.15400715095491
3506904,BOFETE,411417.0,10688,38.49335703592814
3507001,BOITUVA,3427780.0,63415,54.053142001103836
3507100,BOM JESUS DOS PERDOES,789141.0,22501,35.071374605573084
3507159,BOM SUCESSO DE ITARARE,115646.0,3610,32.03490304709141
3507209,BORA,16107.0,928,17.356681034482758
3507308,BORACEIA,268846.0,4823,55.74248393116318
3507407,BORBOREMA,1106482.0,14415,76.75907041276449
3507456,BOREBI,146503.0,2787,52.56655902404019
3507506,BOTUCATU,57642953.0,150442,383.15731644088754
3507605,BRAGANCA PAULISTA,10083250.0,184634,54.61209744684078
3507704,BRAUNA,392216.0,5466,71.75557994877424
3507753,BREJO ALEGRE,152459.0,2605,58.52552783109405
3507803,BRODOWSKI,1772944.0,26167,67.75495853556005
3507902,BROTAS,900163.0,24423,36.857183802153706
3508009,BURI,836797.0,20674,40.475815033375255
3508108,BURITAMA,1861411.0,17597,105.78001932147525
3508207,BURITIZAL,250380.0,4447,56.30312570272093
3508306,CABRALIA PAULISTA,523417.0,4362,119.99472718936268
3508405,CABREUVA,4321925.0,48473,89.16149196459885
3508504,CACAPAVA,5273404.0,99678,52.90439214269949
3508603,CACHOEIRA PAULISTA,936536.0,32482,28.832461055353733
3508702,CACONDE,747891.0,17266,43.31582300474922
3508801,CAFELANDIA,1133415.0,16905,67.04614019520852
3508900,CAIABU,14588.0,3745,3.8953271028037384
3509007,CAIEIRAS,6042621.0,98257,61.49812227118679
3509106,CAIUA,232791.0,5585,41.681468218442255
3509205,CAJAMAR,6062353.0,97363,62.26547045592268
3509254,CAJATI,1325374.0,29257,45.30109033735516
3509304,CAJOBI,283042.0,9232,30.658795493934143
3509403,CAJURU,2043185.0,24217,84.36986414502209
3509452,CAMPINA DO MONTE ALEGRE,110272.0,6077,18.145795622840218
3509502,CAMPINAS,180357048.0,1185977,152.07465912070808
3509601,CAMPO LIMPO PAULISTA,8631425.0,79663,108.34923364673688
3509700,CAMPOS DO JORDAO,2459100.0,47983,51.249400829460434
3509809,CAMPOS NOVOS PAULISTA,660753.0,4991,132.38890002003606
3509908,CANANEIA,971021.0,12489,77.7501000880775
3509957,CANAS,74287.0,5049,14.713210536739949
3510005,CANDIDO MOTA,2063300.0,30172,68.38459498873128
3510104,CANDIDO RODRIGUES,1890.0,2951,0.6404608607251779
3510153,CANITAR,150182.0,6524,23.019926425505826
3510203,CAPAO BONITO,1869382.0,47403,39.43594287281395
3510302,CAPELA DO ALTO,1126344.0,23597,47.732508369708015
3510401,CAPIVARI,2492709.0,51318,48.573775283526246
3510500,CARAGUATATUBA,11253547.0,141084,79.76487057355901
3510609,CARAPICUIBA,11348932.0,398462,28.481842685124303
3510708,CARDOSO,420252.0,11491,36.57227395352885
3510807,CASA BRANCA,1804492.0,28786,62.68644479955534
3510906,CASSIA DOS COQUEIROS,20840.0,2855,7.299474605954466
3511003,CASTILHO,1481112.0,20418,72.53952394945637
3511102,CATANDUVA,9869228.0,119172,82.81499009834525
3511201,CATIGUA,19956.0,7105,2.8087262491203377
3511300,CEDRAL,508321.0,13160,38.626215805471126
3511409,CERQUEIRA CESAR,560903.0,22076,25.407818445370538
3511508,CERQUILHO,2303889.0,46217,49.849384425644246
3511607,CESARIO LANGE,630592.0,19588,32.19277108433735
3511706,CHARQUEADA,1058197.0,15798,66.98297252816812
3511904,CLEMENTINA,190469.0,7087,26.87582898264428
3512001,COLINA,1483953.0,18842,78.75772211017939
3512100,COLOMBIA,283846.0,6781,41.85901784397581
3512209,CONCHAL,1613527.0,29034,55.57370668870979
3512308,CONCHAS,1315968.0,15381,85.55802613614199
3512407,CORDEIROPOLIS,1451091.0,25130,57.7433744528452
3512506,COROADOS,435205.0,5498,79.15696616951618
3512605,CORONEL MACEDO,38275.0,4295,8.91152502910361
3512704,CORUMBATAI,310845.0,4285,72.54259043173862
3512803,COSMOPOLIS,2107541.0,61204,34.434693810862036
3512902,COSMORAMA,103698.0,8968,11.563113291703836
3513009,COTIA,11845807.0,287004,41.274013602597876
3513108,CRAVINHOS,2043306.0,34252,59.65508583440383
3513207,CRISTAIS PAULISTA,116597.0,9543,12.218065597820392
3513306,CRUZALIA,87045.0,2129,40.885392202912165
3513405,CRUZEIRO,3655430.0,76513,47.775280017774755
3513504,CUBATAO,7042776.0,115082,61.197893675813766
3513603,CUNHA,658162.0,22456,29.3089597434984
3513702,DESCALVADO,1873868.0,32622,57.44184905891729
3513801,DIADEMA,15843558.0,404118,39.205276676614254
3513850,DIRCE REIS,212.0,1641,0.1291895185862279
3513900,DIVINOLANDIA,1640191.0,11314,144.97003712214956
3514007,DOBRADA,42330.0,8958,4.725385130609511
3514106,DOIS CORREGOS,1846821.0,24855,74.30380205190103
3514205,DOLCINOPOLIS,15581.0,2250,6.924888888888889
3514304,DOURADO,438724.0,8186,53.59442951380406
3514403,DRACENA,3728648.0,46664,79.90416595234014
3514502,DUARTINA,1677446.0,12529,133.88506664538272
3514601,DUMONT,88564.0,9719,9.112460129642967
3514700,ECHAPORA,53070.0,6295,8.430500397140587
3514809,ELDORADO,408009.0,13162,30.999012308159855
3514908,ELIAS FAUSTO,866852.0,18103,47.8844390432525
3514924,ELISIARIO,38850.0,3189,12.182502351834431
3514957,EMBAUBA,201859.0,2353,85.78793030174246
3515004,EMBU DAS ARTES,9015474.0,259323,34.76542381508775
3515103,EMBU-GUACU,2387169.0,68805,34.694702419882276
3515129,EMILIANOPOLIS,7850.0,3062,2.5636838667537556
3515152,ENGENHEIRO COELHO,618942.0,20139,30.73350215998808
3515186,ESPIRITO SANTO DO PINHAL,2476516.0,40681,60.876477962685286
3515194,ESPIRITO SANTO DO TURVO,212485.0,4217,50.38771638605644
3515202,ESTRELA D'OESTE,396912.0,9655,41.10947695494563
3515301,ESTRELA DO NORTE,30331.0,2749,11.033466715169153
3515350,EUCLIDES DA CUNHA PAULISTA,651244.0,7928,82.14480322906155
3515400,FARTURA,557186.0,16984,32.80652378709374
3515509,FERNANDOPOLIS,4639681.0,73286,63.309240509783585
3515608,FERNANDO PRESTES,130966.0,6066,21.590174744477416
3515657,FERNAO,4452.0,1689,2.635879218472469
3515707,FERRAZ DE VASCONCELOS,6394270.0,185622,34.44780252340779
3515806,FLORA RICA,112707.0,1492,75.54088471849866
3515905,FLOREAL,113854.0,2756,41.31132075471698
3516002,FLORIDA PAULISTA,633334.0,13171,48.08549085111229
3516101,FLORINEA,556498.0,3987,139.57812891898672
3516200,FRANCA,58373917.0,364331,160.22220727854616
3516309,FRANCISCO MORATO,7585405.0,171107,44.33135406500026
3516408,FRANCO DA ROCHA,19386324.0,149786,129.42680891405072
3516507,GABRIEL MONTEIRO,1009.0,2811,0.35894699395233015
3516606,GALIA,590091.0,6435,91.7002331002331
3516705,GARCA,3647584.0,43115,84.60127565812363
3516804,GASTAO VIDIGAL,37353.0,3235,11.546522411128285
3516853,GAVIAO PEIXOTO,131347.0,4797,27.381071503022724
3516903,GENERAL SALGADO,258654.0,10449,24.75394774619581
3517000,GETULINA,985504.0,10355,95.17180106228875
3517109,GLICERIO,419057.0,4173,100.42104001917086
3517208,GUAICARA,658559.0,11459,57.47089623876429
3517307,GUAIMBE,140607.0,5606,25.081519800214057
3517406,GUAIRA,3877073.0,40424,95.91017712250148
3517505,GUAPIACU,2134416.0,22316,95.64509768775767
3517604,GUAPIARA,315611.0,17256,18.289928140936485
3517703,GUARA,2032856.0,18790,108.18818520489621
3517802,GUARACAI,588792.0,7486,78.65241784664707
3517901,GUARACI,1111699.0,10542,105.45427812559286
3518008,GUARANI D'OESTE,109186.0,1999,54.62031015507754
3518107,GUARANTA,248904.0,6531,38.11116214974736
3518206,GUARARAPES,1792440.0,31872,56.23870481927711
3518305,GUARAREMA,1913410.0,32436,58.99031939819953
3518404,GUARATINGUETA,4524590.0,121710,37.17517048722373
3518503,GUAREI,1528842.0,15268,100.133743777836
3518602,GUARIBA,2180535.0,38609,56.47737574140744
3518701,GUARUJA,16579423.0,294973,56.20657822919386
3518800,GUARULHOS,69251771.0,1345364,51.47437496469357
3518859,GUATAPARA,515118.0,7462,69.03216295899223
3518909,GUZOLANDIA,360676.0,4276,84.3489242282507
3519006,HERCULANDIA,548221.0,9302,58.93582025370888
3519055,HOLAMBRA,452283.0,15596,28.999935880995128
3519071,HORTOLANDIA,11174546.0,247331,45.18053135272166
3519105,IACANGA,231828.0,10633,21.802689739490265
3519204,IACRI,416031.0,6207,67.02609956500724
3519253,IARAS,121221.0,8257,14.68099794114085
3519303,IBATE,1596707.0,33110,48.22431289640592
3519402,IBIRA,414570.0,11934,34.73856209150327
3519501,IBIRAREMA,1069171.0,6461,165.48073053706855
3519600,IBITINGA,2684880.0,61908,43.368869936034116
3519709,IBIUNA,6301612.0,77651,81.15300511261928
3519808,ICEM,257922.0,7969,32.36566695946794
3519907,IEPE,643406.0,7739,83.13813154154283
3520004,IGARACU DO TIETE,1056329.0,23430,45.08446436192915
3520103,IGARAPAVA,1887848.0,26755,70.56056811810876
3520202,IGARATA,474748.0,10904,43.53888481291269
3520301,IGUAPE,1211080.0,29881,40.530102740872124
3520400,ILHABELA,3582796.0,36329,98.62082633708607
3520426,ILHA COMPRIDA,1120557.0,13955,80.29788606234325
3520442,ILHA SOLTEIRA,1289551.0,26240,49.14447408536585
3520509,INDAIATUBA,14250568.0,267796,53.2142675768122
3520608,INDIANA,108068.0,5191,20.81833943363514
3520707,INDIAPORA,374684.0,4109,91.1861766853249
3520806,INUBIA PAULISTA,270097.0,3671,73.57586488695179
3520905,IPAUSSU,457074.0,13933,32.80513887892055
3521002,IPERO,1263129.0,37999,33.241111608200214
3521101,IPEUNA,481323.0,6999,68.77025289327047
3521150,IPIGUA,33070.0,7037,4.699445786556772
3521200,IPORANGA,921407.0,4091,225.22781715961867
3521309,IPUA,406735.0,14691,27.68599823020897
3521408,IRACEMAPOLIS,716139.0,22435,31.9206151103187
3521507,IRAPUA,1665996.0,6946,239.84969766772244
3521606,IRAPURU,231651.0,7145,32.421413575927225
3521705,ITABERA,1439032.0,18258,78.81651878628547
3521804,ITAI,683606.0,25930,26.36351716158889
3521903,ITAJOBI,1801703.0,17420,103.4272675086108
3522000,ITAJU,426125.0,3702,115.10669908157753
3522109,ITANHAEM,6105013.0,117435,51.98631583429131
3522158,ITAOCA,7395.0,3490,2.1189111747851004
3522208,ITAPECERICA DA SERRA,9915248.0,163928,60.48538382704602
3522307,ITAPETININGA,6335558.0,163774,38.6847607068277
3522406,ITAPEVA,7695035.0,92324,83.34815432606906
3522505,ITAPEVI,11602517.0,241924,47.95934673699178
3522604,ITAPIRA,4924025.0,73919,66.61379347664335
3522653,ITAPIRAPUA PAULISTA,100957.0,4405,22.91872871736663
3522703,ITAPOLIS,2503153.0,40464,61.86123467773824
3522802,ITAPORANGA,909497.0,14260,63.77959326788219
3522901,ITAPUI,4994096.0,13984,357.129290617849
3523008,ITAPURA,408748.0,4014,101.83059292476332
3523107,ITAQUAQUECETUBA,15513689.0,382521,40.556437424350555
3523206,ITARARE,997974.0,45327,22.017208286451783
3523305,ITARIRI,22217.0,15762,1.4095292475574166
3523404,ITATIBA,7156119.0,126403,56.613521830969205
3523503,ITATINGA,465929.0,19427,23.98357955422865
3523602,ITIRAPINA,1060707.0,16433,64.54737418608897
3523701,ITIRAPUA,210956.0,5861,35.99317522607063
3523800,ITOBI,485863.0,8210,59.179415347137635
3523909,ITU,9971326.0,174561,57.12230108672613
3524006,ITUPEVA,4506383.0,74119,60.79929572714149
3524105,ITUVERAVA,2117267.0,38451,55.064029544095085
3524204,JABORANDI,728323.0,6293,115.73542030827905
3524303,JABOTICABAL,5742565.0,73467,78.16523064777383
3524402,JACAREI,11330066.0,249968,45.326065736414265
3524501,JACI,436280.0,7878,55.37953795379538
3524600,JACUPIRANGA,805769.0,16254,49.573581887535376
3524709,JAGUARIUNA,3893319.0,61801,62.99766994061585
3524808,JALES,3762024.0,50017,75.21490693164324
3524907,JAMBEIRO,49800.0,6575,7.574144486692015
3525003,JANDIRA,5314015.0,121988,43.56178476571466
3525102,JARDINOPOLIS,2238504.0,46868,47.76188444140992
3525201,JARINU,1626248.0,39531,41.138549492803115
3525300,JAU,7616755.0,137323,55.46598166366887
3525409,JERIQUARA,40850.0,3976,10.274144869215291
3525508,JOANOPOLIS,491656.0,13095,37.545322642229856
3525607,JOAO RAMALHO,180900.0,4456,40.59694793536804
3525706,JOSE BONIFACIO,2166195.0,37859,57.21743838981484
3525805,JULIO MESQUITA,6558.0,4308,1.5222841225626742
3525854,JUMIRIM,85569.0,3123,27.399615754082614
3525904,JUNDIAI,26314171.0,460313,57.165821951585116
3526001,JUNQUEIROPOLIS,1051389.0,20878,50.35870294089472
3526100,JUQUIA,1056448.0,17255,61.2256157635468
3526209,JUQUITIBA,942501.0,28007,33.65233691577106
3526308,LAGOINHA,72134.0,5182,13.920108066383635
3526407,LARANJAL PAULISTA,1430603.0,27009,52.96764041615758
3526506,LAVINIA,328681.0,9909,33.169946513270766
3526605,LAVRINHAS,16866.0,7328,2.301582969432314
3526704,LEME,7573609.0,101316,74.75234908602788
3526803,LENCOIS PAULISTA,6620268.0,68395,96.79461948972879
3526902,LIMEIRA,11466954.0,300728,38.13064962358011
3527009,LINDOIA,2015440.0,7147,281.998041136141
3527108,LINS,2444986.0,76729,31.865213934757392
3527207,LORENA,4183775.0,87370,47.88571592079661
3527256,LOURDES,390992.0,1968,198.6747967479675
3527306,LOUVEIRA,3024068.0,54111,55.88638169688233
3527405,LUCELIA,1289698.0,20372,63.3073826821127
3527504,LUCIANOPOLIS,230406.0,2419,95.24844977263332
3527603,LUIS ANTONIO,422047.0,12531,33.68023302210518
3527702,LUIZIANIA,477123.0,4751,100.4258050936645
3527801,LUPERCIO,156729.0,4017,39.016430171769976
3527900,LUTECIA,101956.0,2699,37.775472397184146
3528007,MACATUBA,1777906.0,17120,103.84964953271027
3528106,MACAUBAL,314449.0,7587,41.44576248846712
3528205,MACEDONIA,78042.0,4048,19.279150197628457
3528304,MAGDA,61298.0,3212,19.084059775840597
3528403,MAIRINQUE,1546391.0,51660,29.9340108401084
3528502,MAIRIPORA,5248595.0,97399,53.88756558075545
3528601,MANDURI,271704.0,10092,26.92271105826397
3528700,MARABA PAULISTA,25871.0,4627,5.591311865139399
3528809,MARACAI,1264535.0,12826,98.59153282395135
3528858,MARAPOAMA,377208.0,3392,111.20518867924528
3528908,MARIAPOLIS,324779.0,3539,91.77140435151172
3529005,MARILIA,41179113.0,246627,166.9692004525052
3529104,MARINOPOLIS,82105.0,1870,43.906417112299465
3529203,MARTINOPOLIS,582980.0,25299,23.043598561207954
3529302,MATAO,2850875.0,80998,35.19685671251142
3529401,MAUA,15829490.0,429380,36.865922958684614
3529500,MENDONCA,614299.0,6369,96.45140524415136
3529609,MERIDIANO,16635.0,4697,3.5416223121141153
3529658,MESOPOLIS,12842.0,1988,6.459758551307847
3529708,MIGUELOPOLIS,636930.0,19655,32.405494785041974
3529807,MINEIROS DO TIETE,678608.0,11349,59.794519340911094
3529906,MIRACATU,1092632.0,18679,58.4952085229402
3530003,MIRA ESTRELA,172363.0,3199,53.880275085964364
3530102,MIRANDOPOLIS,1897905.0,28737,66.04395030796535
3530201,MIRANTE DO PARANAPANEMA,1228373.0,16069,76.44364926255523
3530300,MIRASSOL,2094947.0,65485,31.991249904558295
3530409,MIRASSOLANDIA,1142040.0,4771,239.3712010060784
3530508,MOCOCA,3475669.0,69324,50.13659050256766
3530607,MOGI DAS CRUZES,47126642.0,468120,100.67213962231907
3530706,MOGI GUACU,5022748.0,159735,31.444254546592795
3530805,MOGI MIRIM,4964976.0,95534,51.97077480268805
3530904,MOMBUCA,241277.0,3815,63.24429882044561
3531001,MONCOES,24536.0,1954,12.556806550665302
3531100,MONGAGUA,3729006.0,64519,57.797021032564054
3531209,MONTE ALEGRE DO SUL,752933.0,8873,84.85664375070438
3531308,MONTE ALTO,4578024.0,48725,93.95636736788096
3531407,MONTE APRAZIVEL,558282.0,22650,24.6482119205298
3531506,MONTE AZUL PAULISTA,1602950.0,18363,87.29238141915809
3531605,MONTE CASTELO,462459.0,4301,107.52359916298535
3531704,MONTEIRO LOBATO,145805.0,4205,34.67419738406659
3531803,MONTE MOR,2589188.0,67296,38.47461959106039
3531902,MORRO AGUDO,2102601.0,28561,73.61790553552046
3532009,MORUNGABA,910601.0,14081,64.66877352460763
3532058,MOTUCA,222129.0,4079,54.45672959058593
3532108,MURUTINGA DO SUL,135237.0,3763,35.938612808929044
3532157,NANTES,15464.0,2699,5.729529455353835
3532207,NARANDIBA,462006.0,5908,78.20006770480704
3532306,NATIVIDADE DA SERRA,45655.0,7134,6.399635548079619
3532405,NAZARE PAULISTA,687692.0,18620,36.93297529538131
3532504,NEVES PAULISTA,340959.0,9921,34.36740247958875
3532603,NHANDEARA,479923.0,9944,48.262570394207565
3532702,NIPOA,346171.0,4860,71.22860082304527
3532801,NOVA ALIANCA,275588.0,6858,40.1848935549723
3532827,NOVA CAMPINA,889002.0,8631,103.00104275286758
3532843,NOVA CANAA PAULISTA,154580.0,2058,75.11175898931
3532868,NOVA CASTILHO,85519.0,1074,79.6266294227188
3532900,NOVA EUROPA,301062.0,9459,31.828100222010782
3533007,NOVA GRANADA,998743.0,19725,50.63335868187579
3533106,NOVA GUATAPORANGA,108454.0,2188,49.56764168190128
3533205,NOVA INDEPENDENCIA,1513.0,4795,0.31553701772679876
3533254,NOVAIS,361206.0,4469,80.8247930185724
3533304,NOVA LUZITANIA,233291.0,2838,82.20260747004933
3533403,NOVA ODESSA,2976441.0,64228,46.34179796973282
3533502,NOVO HORIZONTE,3011315.0,39435,76.36148091796628
3533601,NUPORANGA,331205.0,7550,43.8682119205298
3533700,OCAUCU,5482.0,4412,1.2425203989120581
3533809,OLEO,66939.0,2540,26.353937007874016
3533908,OLIMPIA,8239118.0,56701,145.30816034990565
3534005,ONDA VERDE,310868.0,4912,63.28745928338762
3534104,ORIENTE,664253.0,6180,107.48430420711973
3534203,ORINDIUVA,304207.0,6145,49.50480065093572
3534302,ORLANDIA,761712.0,39193,19.434899089123057
3534401,OSASCO,113413818.0,756952,149.82960346230672
3534500,OSCAR BRESSANE,261607.0,2504,104.47563897763578
3534609,OSVALDO CRUZ,1104230.0,32099,34.400760148291226
3534708,OURINHOS,5869051.0,106877,54.91406944431449
3534757,OUROESTE,901179.0,10596,85.04898074745186
3534807,OURO VERDE,128558.0,7901,16.271104923427416
3534906,PACAEMBU,775774.0,15217,50.98074521916278
3535002,PALESTINA,984145.0,11689,84.19411412439045
3535101,PALMARES PAULISTA,660536.0,9709,68.03337109898033
3535200,PALMEIRA D'OESTE,292409.0,8994,32.51156326439849
3535309,PALMITAL,2072206.0,19767,104.83158800020236
3535408,PANORAMA,379195.0,15214,24.92408308137242
3535507,PARAGUACU PAULISTA,1335215.0,42087,31.725117019507213
3535606,PARAIBUNA,381072.0,17950,21.22963788300836
3535705,PARAISO,383736.0,6211,61.78328771534375
3535804,PARANAPANEMA,732522.0,19799,36.997929188342844
3535903,PARANAPUA,34871.0,4111,8.482364388226708
3536000,PARAPUA,26160.0,10729,2.4382514679839686
3536109,PARDINHO,241452.0,7382,32.70820915740992
3536208,PARIQUERA-ACU,2903602.0,19576,148.32458111973847
3536257,PARISI,743632.0,3001,247.7947350883039
3536307,PATROCINIO PAULISTA,894224.0,14837,60.26986587585091
3536406,PAULICEIA,115177.0,8200,14.045975609756098
3536505,PAULINIA,6604571.0,115690,57.08852104762728
3536570,PAULISTANIA,11022.0,2146,5.136067101584343
3536604,PAULO DE FARIA,462525.0,7430,62.25100942126514
3536703,PEDERNEIRAS,2670801.0,46223,57.78078013110356
3536802,PEDRA BELA,161106.0,6718,23.981244417981543
3536901,PEDRANOPOLIS,911.0,2848,0.319873595505618
3537008,PEDREGULHO,297660.0,15742,18.908652013721255
3537107,PEDREIRA,3120519.0,44332,70.38976360191283
3537156,PEDRINHAS PAULISTA,496092.0,2838,174.80338266384777
3537206,PEDRO DE TOLEDO,544324.0,11539,47.17254528122021
3537305,PENAPOLIS,4074724.0,63317,64.35434401503545
3537404,PEREIRA BARRETO,562371.0,24389,23.058386977735864
3537503,PEREIRAS,133313.0,8969,14.863752926747686
3537602,PERUIBE,4779938.0,70543,67.75921069418652
3537701,PIACATU,524187.0,5623,93.2219455806509
3537800,PIEDADE,1049929.0,54237,19.35816877777163
3537909,PILAR DO SUL,1219121.0,28417,42.9011155294366
3538006,PINDAMONHANGABA,10491346.0,172027,60.98662419271393
3538105,PINDORAMA,371168.0,14721,25.213504517356156
3538204,PINHALZINHO,1079006.0,15605,69.1448894585069
3538303,PIQUEROBI,261405.0,3296,79.30976941747574
3538501,PIQUETE,202761.0,12570,16.13054892601432
3538600,PIRACAIA,745615.0,26764,27.858877596771784
3538709,PIRACICABA,83268981.0,438827,189.7535498043648
3538808,PIRAJU,895294.0,30261,29.585737417798487
3538907,PIRAJUI,620882.0,22743,27.299916457811193
3539004,PIRANGI,483161.0,11076,43.62233658360419
3539103,PIRAPORA DO BOM JESUS,785779.0,18836,41.71687194733489
3539202,PIRAPOZINHO,964492.0,26065,37.003337809322844
3539301,PIRASSUNUNGA,3754906.0,75475,49.750327923153364
3539400,PIRATININGA,699302.0,15554,44.95962453388196
3539509,PITANGUEIRAS,2728482.0,34416,79.2794630404463
3539608,PLANALTO,157649.0,4454,35.39492590929502
3539707,PLATINA,217170.0,3061,70.94740280953937
3539806,POA,4138841.0,106431,38.88755155922617
3539905,POLONI,582035.0,5696,102.18311095505618
3540002,POMPEIA,623118.0,20512,30.378217628705148
3540101,PONGAI,108200.0,3443,31.426081905315133
3540200,PONTAL,1241311.0,38376,32.34602355638941
3540259,PONTALINDA,1868.0,4196,0.44518589132507147
3540309,PONTES GESTAL,50110.0,2415,20.749482401656316
3540408,POPULINA,170936.0,4185,40.84492234169654
3540507,PORANGABA,158557.0,10773,14.71799870045484
3540606,PORTO FELIZ,4814668.0,58345,82.52066158196932
3540705,PORTO FERREIRA,2125677.0,53940,39.40817575083426
3540754,POTIM,468680.0,20767,22.568498097943852
3540804,POTIRENDABA,716259.0,18994,37.70975044750974
3540853,PRACINHA,31603.0,2599,12.159676798768757
3540903,PRADOPOLIS,617897.0,17309,35.69801837194523
3541000,PRAIA GRANDE,17911612.0,365577,48.99545649753677
3541059,PRATANIA,95362.0,5246,18.17804041174228
3541109,PRESIDENTE ALVES,165352.0,3841,43.04920593595418
3541208,PRESIDENTE BERNARDES,625253.0,14772,42.32690224749526
3541307,PRESIDENTE EPITACIO,1765101.0,40383,43.70901121759156
3541406,PRESIDENTE PRUDENTE,52585296.0,234083,224.6438058295562
3541505,PRESIDENTE VENCESLAU,2405746.0,35902,67.00869032365885
3541604,PROMISSAO,1919927.0,35991,53.34464171598455
3541653,QUADRA,103291.0,3472,29.74971198156682
3541703,QUATA,627831.0,13399,46.85655645943727
3541802,QUEIROZ,255735.0,3351,76.31602506714414
3541901,QUELUZ,571362.0,9146,62.4712442597857
3542008,QUINTANA,952590.0,7225,131.84636678200692
3542107,RAFARD,336596.0,9133,36.85492171247126
3542206,RANCHARIA,1699631.0,29305,57.99798669169084
3542305,REDENCAO DA SERRA,122237.0,4611,26.509867707655605
3542404,REGENTE FEIJO,498508.0,20565,24.240602966204715
3542503,REGINOPOLIS,235507.0,7808,30.162269467213115
3542602,REGISTRO,10019940.0,61732,162.3135488887449
3542701,RESTINGA,123108.0,6492,18.963031423290204
3542800,RIBEIRA,152512.0,3166,48.17182564750474
3542909,RIBEIRAO BONITO,425016.0,11079,38.36230706742486
3543006,RIBEIRAO BRANCO,415996.0,18930,21.975488642366614
3543105,RIBEIRAO CORRENTE,256830.0,4706,54.57501062473438
3543204,RIBEIRAO DO SUL,368387.0,4768,77.26237416107382
3543238,RIBEIRAO DOS INDIOS,55199.0,2045,26.992176039119805
3543253,RIBEIRAO GRANDE,36241.0,7570,4.787450462351387
3543303,RIBEIRAO PIRES,5641531.0,118877,47.45687559410147
3543402,RIBEIRAO PRETO,110359536.0,728400,151.5095222405272
3543501,RIVERSUL,3298.0,5647,0.5840269169470516
3543600,RIFAINA,173844.0,4158,41.80952380952381
3543709,RINCAO,243742.0,9145,26.65303444505194
3543808,RINOPOLIS,646817.0,9357,69.12653628299668
3543907,RIO CLARO,10817660.0,208857,51.794577150873565
3544004,RIO DAS PEDRAS,1494417.0,32267,46.31409799485542
3544103,RIO GRANDE DA SERRA,990696.0,45317,21.86146479246199
3544202,RIOLANDIA,411963.0,10453,39.41098249306419
3544251,ROSANA,870982.0,17533,49.6767238920892
3544301,ROSEIRA,525849.0,11095,47.39513294276701
3544400,RUBIACEA,169150.0,2741,61.71105435972273
3544509,RUBINEIA,277745.0,3965,70.04918032786885
3544608,SABINO,339871.0,5185,65.54889103182256
3544707,SAGRES,45540.0,2519,18.078602620087338
3544806,SALES,657016.0,6612,99.36721113127646
3544905,SALES OLIVEIRA,314994.0,11654,27.028831302557062
3545001,SALESOPOLIS,495303.0,15396,32.170888542478565
3545159,SALTINHO,1467967.0,8371,175.36339744355513
3545209,SALTO,4664618.0,140125,33.2889776984835
3545308,SALTO DE PIRAPORA,1936972.0,45138,42.912224733040894
3545407,SALTO GRANDE,540116.0,9212,58.631784628745116
3545506,SANDOVALINA,67582.0,3699,18.270343336036767
3545605,SANTA ADELIA,1107368.0,14203,77.96719003027529
3545704,SANTA ALBERTINA,300952.0,6543,45.996026287635644
3545803,SANTA BARBARA D'OESTE,9687899.0,189338,51.167219469942644
3546009,SANTA BRANCA,341948.0,14212,24.06051224317478
3546108,SANTA CLARA D'OESTE,40238.0,2677,15.031004856182294
3546207,SANTA CRUZ DA CONCEICAO,205858.0,4365,47.1610538373425
3546256,SANTA CRUZ DA ESPERANCA,108675.0,2162,50.265957446808514
3546306,SANTA CRUZ DAS PALMEIRAS,1300823.0,29525,44.05835732430144
3546405,SANTA CRUZ DO RIO PARDO,3327978.0,47677,69.80258825009963
3546504,SANTA ERNESTINA,44713.0,6256,7.147218670076726
3546603,SANTA FE DO SUL,4379169.0,36098,121.31334145936063
3546702,SANTA GERTRUDES,1417225.0,24107,58.78894097150205
3546801,SANTA ISABEL,2557610.0,54586,46.854688015242004
3546900,SANTA LUCIA,319279.0,7181,44.46163486979529
3547007,SANTA MARIA DA SERRA,355263.0,5314,66.85415882574333
3547106,SANTA MERCEDES,287828.0,3012,95.56042496679947
3547205,SANTANA DA PONTE PENSA,34119.0,1698,20.093639575971732
3547304,SANTANA DE PARNAIBA,14081681.0,162341,86.74137155740078
3547403,SANTA RITA D'OESTE,28647.0,2790,10.26774193548387
3547502,SANTA RITA DO PASSA QUATRO,1268709.0,25060,50.62685554668795
3547601,SANTA ROSA DE VITERBO,917430.0,23725,38.66933614330875
3547650,SANTA SALETE,75787.0,1686,44.950771055753265
3547700,SANTO ANASTACIO,673906.0,18045,37.34585757827653
3547809,SANTO ANDRE,79498268.0,778711,102.0895659622119
3547908,SANTO ANTONIO DA ALEGRIA,498762.0,6917,72.10669365331792
3548005,SANTO ANTONIO DE POSSE,2552992.0,23779,107.36330375541444
3548054,SANTO ANTONIO DO ARACANGUA,542249.0,8568,63.28769841269841
3548104,SANTO ANTONIO DO JARDIM,377314.0,6237,60.49607182940516
3548203,SANTO ANTONIO DO PINHAL,179764.0,7294,24.645462023581025
3548302,SANTO EXPEDITO,19788.0,3063,6.460333006856024
3548401,SANTOPOLIS DO AGUAPEI,472549.0,3933,120.14975845410628
3548500,SANTOS,86176544.0,429567,200.6125796441533
3548609,SAO BENTO DO SAPUCAI,216770.0,11948,18.1427854034148
3548708,SAO BERNARDO DO CAMPO,82574964.0,840499,98.24516626432631
3548807,SAO CAETANO DO SUL,26757484.0,172109,155.46824396167546
3548906,SAO CARLOS,4112759.0,265294,15.50264612090737
3549003,SAO FRANCISCO,42493.0,2629,16.16317991631799
3549102,SAO JOAO DA BOA VISTA,52974328.0,95762,553.1873603308202
3549201,SAO JOAO DAS DUAS PONTES,31896.0,2622,12.164759725400458
3549250,SAO JOAO DE IRACEMA,64914.0,1880,34.52872340425532
3549300,SAO JOAO DO PAU D'ALHO,139301.0,2288,60.88330419580419
3549409,SAO JOAQUIM DA BARRA,4096330.0,49815,82.23085416039346
3549508,SAO JOSE DA BELA VISTA,199479.0,7690,25.94005201560468
3549607,SAO JOSE DO BARREIRO,242941.0,3898,62.32452539763982
3549706,SAO JOSE DO RIO PARDO,3340876.0,53416,62.54448105436573
3549805,SAO JOSE DO RIO PRETO,118442352.0,501597,236.13050317286587
3549904,SAO JOSE DOS CAMPOS,91199548.0,724756,125.8348299289692
3549953,SAO LOURENCO DA SERRA,681018.0,16458,41.37914691943128
3550001,SAO LUIS DO PARAITINGA,107819.0,10497,10.271410879298847
3550100,SAO MANUEL,1122014.0,38166,29.398260231619766
3550209,SAO MIGUEL ARCANJO,2402183.0,32904,73.00580476537807
3550308,SAO PAULO,1233023612.0,11895578,103.65394703813467
3550407,SAO PEDRO,4381605.0,39725,110.29842668344871
3550506,SAO PEDRO DO TURVO,165172.0,7333,22.524478385381155
3550605,SAO ROQUE,2736247.0,81342,33.638796685599075
3550704,SAO SEBASTIAO,6715119.0,84019,79.92381485140265
3550803,SAO SEBASTIAO DA GRAMA,882535.0,10484,84.17922548645555
3550902,SAO SIMAO,1110603.0,13590,81.72207505518764
3551009,SAO VICENTE,14352356.0,338407,42.41152222028504
3551108,SARAPUI,862755.0,10632,81.14700902934537
3551207,SARUTAIA,71673.0,3769,19.016449986733882
3551306,SEBASTIANOPOLIS DO SUL,46737.0,3187,14.664888609978036
3551405,SERRA AZUL,565474.0,13058,43.304793996017764
3551504,SERRANA,2634325.0,45408,58.01455690627202
3551603,SERRA NEGRA,1434432.0,30920,46.39172056921087
3551702,SERTAOZINHO,5183878.0,131600,39.39117021276596
3551801,SETE BARRAS,329796.0,12912,25.54182156133829
3551900,SEVERINIA,449365.0,14724,30.519220320565065
3552007,SILVEIRAS,111583.0,6313,17.675114842388723
3552106,SOCORRO,626795.0,41405,15.138147566718995
3552205,SOROCABA,130621690.0,757459,172.44720836375302
3552304,SUD MENNUCCI,852828.0,7466,114.22823466380927
3552403,SUMARE,8389699.0,289787,28.95126075358798
3552502,SUZANO,15637699.0,318765,49.0571392718774
3552551,SUZANAPOLIS,257824.0,3464,74.42956120092379
3552601,TABAPUA,983681.0,11499,85.54491694929995
3552700,TABATINGA,415551.0,14994,27.714485794317728
3552809,TABOAO DA SERRA,17478392.0,284274,61.48431442903677
3552908,TACIBA,104675.0,6399,16.358024691358025
3553005,TAGUAI,1715457.0,13006,131.8973550668922
3553104,TAIACU,215295.0,5751,37.436098069900886
3553203,TAIUVA,197893.0,6733,29.391504529927225
3553302,TAMBAU,1039553.0,21682,47.94543861267411
3553401,TANABI,513090.0,26021,19.71830444640867
3553500,TAPIRAI,533219.0,8122,65.6511942871214
3553609,TAPIRATIBA,245500.0,11936,20.56802949061662
3553658,TAQUARAL,236221.0,2652,89.07277526395174
3553708,TAQUARITINGA,2197625.0,53322,41.2142267731893
3553807,TAQUARITUBA,2190644.0,24863,88.10859510115432
3553856,TAQUARIVAI,721898.0,7112,101.50421822272216
3553906,TARABAI,15131.0,6635,2.280482290881688
3553955,TARUMA,1789805.0,15248,117.37965634837356
3554003,TATUI,9400925.0,128560,73.12480553827007
3554102,TAUBATE,44153487.0,321298,137.4222279628258
3554201,TEJUPA,8346.0,4142,2.0149686141960403
3554300,TEODORO SAMPAIO,1588809.0,22559,70.42905270623697
3554409,TERRA ROXA,185232.0,7985,23.197495303694428
3554508,TIETE,916548.0,38690,23.689532178857586
3554607,TIMBURI,48664.0,2490,19.543775100401607
3554706,TORRINHA,299753.0,9484,31.606178827498944
3554755,TRABIJU,14401.0,1719,8.377545084351366
3554805,TREMEMBE,1265478.0,53083,23.839609667878605
3554904,TRES FRONTEIRAS,102131.0,7013,14.56309710537573
3554953,TUIUTI,4949.0,6947,0.7123938390672233
3555000,TUPA,4029279.0,65416,61.59470160205454
3555109,TUPI PAULISTA,1804780.0,16206,111.36492657040603
3555208,TURIUBA,181250.0,1839,98.5589994562262
3555307,TURMALINA,10090.0,1672,6.034688995215311
3555356,UBARANA,394117.0,5456,72.23552052785924
3555406,UBATUBA,5209767.0,96598,53.93245201764012
3555505,UBIRAJARA,364730.0,5265,69.27445394112061
3555604,UCHOA,324099.0,10627,30.497694551613815
3555703,UNIAO PAULISTA,70282.0,1628,43.17076167076167
3555802,URANIA,386948.0,8973,43.1235930012259
3555901,URU,168892.0,1419,119.02184637068358
3556008,URUPES,659563.0,14038,46.98411454623166
3556107,VALENTIM GENTIL,1064263.0,14531,73.24086435895671
3556206,VALINHOS,5386549.0,131277,41.03193247865201
3556305,VALPARAISO,1373944.0,24723,55.57351454111556
3556354,VARGEM,532654.0,10805,49.29699213327164
3556404,VARGEM GRANDE DO SUL,1933702.0,41226,46.90491437442391
3556453,VARGEM GRANDE PAULISTA,1477146.0,52103,28.35049805193559
3556503,VARZEA PAULISTA,2382783.0,119576,19.926933498360874
3556602,VERA CRUZ,625186.0,10294,60.733048377695745
3556701,VINHEDO,4754524.0,79235,60.00535117056856
3556800,VIRADOURO,850221.0,17681,48.08670324076692
3556909,VISTA ALEGRE DO ALTO,13192.0,8327,1.584244025459349
3556958,VITORIA BRASIL,19101.0,1826,10.460569550930996
3557006,VOTORANTIM,5547478.0,132849,41.75777009988784
3557105,VOTUPORANGA,48009386.0,100159,479.33172256112783
3557154,ZACARIAS,442985.0,2761,160.44367982614995
3557204,CHAVANTES,743605.0,12411,59.9149947627105
3557303,ESTIVA GERBI,749055.0,11566,64.76353103925298
